Workbook

Sheet Instances
B1: alpha-qh-1.0/alpha | T1: alpha-qh-1.0/alpha_dom | AL1: alpha-qh-1.0/alpha_noheur | BD1: clingo-native-1.0/ga | BV1: clingo-native-1.0/ga_co | CN1: clingo-native-1.0/ga_weak | DF1: clingo-native-1.0/ga_weak_co | DX1: clingo-native-1.0/gc | EP1: clingo-native-1.0/gc_co | FH1: clingo-native-1.0/gc_noheur | FZ1: clingo-native-1.0/gc_noheur_co | GR1: clingo-native-1.0/la | HJ1: clingo-native-1.0/la_aux | IB1: clingo-native-1.0/la_co | IT1: clingo-native-1.0/lc | JL1: clingo-native-1.0/lc_co | KD1: clingo-prolog-1.0/ga | KV1: clingo-prolog-1.0/ga_co | LN1: clingo-prolog-1.0/ga_weak | MF1: clingo-prolog-1.0/ga_weak_co | MX1: clingo-prolog-1.0/gc | NP1: clingo-prolog-1.0/gc_co | OH1: clingo-prolog-1.0/gc_noheur | OZ1: clingo-prolog-1.0/gc_noheur_co | PR1: clingo-prolog-1.0/la | QJ1: clingo-prolog-1.0/la_aux | RB1: clingo-prolog-1.0/la_co | RT1: clingo-prolog-1.0/lc | SL1: clingo-prolog-1.0/lc_co | TD1: min | TU1: median | UL1: max
B2: atoms | C2: choices | D2: clingo_total | E2: conflicts | F2: constraints | G2: error | H2: grounding | I2: mem | J2: memout | K2: models | L2: par2 | M2: restarts | N2: rules | O2: solving | P2: status | Q2: time | R2: timeout | S2: variables | T2: atoms | U2: choices | V2: clingo_total | W2: conflicts | X2: constraints | Y2: error | Z2: grounding | AA2: mem | AB2: memout | AC2: models | AD2: par2 | AE2: restarts | AF2: rules | AG2: solving | AH2: status | AI2: time | AJ2: timeout | AK2: variables | AL2: atoms | AM2: choices | AN2: clingo_total | AO2: conflicts | AP2: constraints | AQ2: error | AR2: grounding | AS2: mem | AT2: memout | AU2: models | AV2: par2 | AW2: restarts | AX2: rules | AY2: solving | AZ2: status | BA2: time | BB2: timeout | BC2: variables | BD2: atoms | BE2: choices | BF2: clingo_total | BG2: conflicts | BH2: constraints | BI2: error | BJ2: grounding | BK2: mem | BL2: memout | BM2: models | BN2: par2 | BO2: restarts | BP2: rules | BQ2: solving | BR2: status | BS2: time | BT2: timeout | BU2: variables | BV2: atoms | BW2: choices | BX2: clingo_total | BY2: conflicts | BZ2: constraints | CA2: error | CB2: grounding | CC2: mem | CD2: memout | CE2: models | CF2: par2 | CG2: restarts | CH2: rules | CI2: solving | CJ2: status | CK2: time | CL2: timeout | CM2: variables | CN2: atoms | CO2: choices | CP2: clingo_total | CQ2: conflicts | CR2: constraints | CS2: error | CT2: grounding | CU2: mem | CV2: memout | CW2: models | CX2: par2 | CY2: restarts | CZ2: rules | DA2: solving | DB2: status | DC2: time | DD2: timeout | DE2: variables | DF2: atoms | DG2: choices | DH2: clingo_total | DI2: conflicts | DJ2: constraints | DK2: error | DL2: grounding | DM2: mem | DN2: memout | DO2: models | DP2: par2 | DQ2: restarts | DR2: rules | DS2: solving | DT2: status | DU2: time | DV2: timeout | DW2: variables | DX2: atoms | DY2: choices | DZ2: clingo_total | EA2: conflicts | EB2: constraints | EC2: error | ED2: grounding | EE2: mem | EF2: memout | EG2: models | EH2: par2 | EI2: restarts | EJ2: rules | EK2: solving | EL2: status | EM2: time | EN2: timeout | EO2: variables | EP2: atoms | EQ2: choices | ER2: clingo_total | ES2: conflicts | ET2: constraints | EU2: error | EV2: grounding | EW2: mem | EX2: memout | EY2: models | EZ2: par2 | FA2: restarts | FB2: rules | FC2: solving | FD2: status | FE2: time | FF2: timeout | FG2: variables | FH2: atoms | FI2: choices | FJ2: clingo_total | FK2: conflicts | FL2: constraints | FM2: error | FN2: grounding | FO2: mem | FP2: memout | FQ2: models | FR2: par2 | FS2: restarts | FT2: rules | FU2: solving | FV2: status | FW2: time | FX2: timeout | FY2: variables | FZ2: atoms | GA2: choices | GB2: clingo_total | GC2: conflicts | GD2: constraints | GE2: error | GF2: grounding | GG2: mem | GH2: memout | GI2: models | GJ2: par2 | GK2: restarts | GL2: rules | GM2: solving | GN2: status | GO2: time | GP2: timeout | GQ2: variables | GR2: atoms | GS2: choices | GT2: clingo_total | GU2: conflicts | GV2: constraints | GW2: error | GX2: grounding | GY2: mem | GZ2: memout | HA2: models | HB2: par2 | HC2: restarts | HD2: rules | HE2: solving | HF2: status | HG2: time | HH2: timeout | HI2: variables | HJ2: atoms | HK2: choices | HL2: clingo_total | HM2: conflicts | HN2: constraints | HO2: error | HP2: grounding | HQ2: mem | HR2: memout | HS2: models | HT2: par2 | HU2: restarts | HV2: rules | HW2: solving | HX2: status | HY2: time | HZ2: timeout | IA2: variables | IB2: atoms | IC2: choices | ID2: clingo_total | IE2: conflicts | IF2: constraints | IG2: error | IH2: grounding | II2: mem | IJ2: memout | IK2: models | IL2: par2 | IM2: restarts | IN2: rules | IO2: solving | IP2: status | IQ2: time | IR2: timeout | IS2: variables | IT2: atoms | IU2: choices | IV2: clingo_total | IW2: conflicts | IX2: constraints | IY2: error | IZ2: grounding | JA2: mem | JB2: memout | JC2: models | JD2: par2 | JE2: restarts | JF2: rules | JG2: solving | JH2: status | JI2: time | JJ2: timeout | JK2: variables | JL2: atoms | JM2: choices | JN2: clingo_total | JO2: conflicts | JP2: constraints | JQ2: error | JR2: grounding | JS2: mem | JT2: memout | JU2: models | JV2: par2 | JW2: restarts | JX2: rules | JY2: solving | JZ2: status | KA2: time | KB2: timeout | KC2: variables | KD2: atoms | KE2: choices | KF2: clingo_total | KG2: conflicts | KH2: constraints | KI2: error | KJ2: grounding | KK2: mem | KL2: memout | KM2: models | KN2: par2 | KO2: restarts | KP2: rules | KQ2: solving | KR2: status | KS2: time | KT2: timeout | KU2: variables | KV2: atoms | KW2: choices | KX2: clingo_total | KY2: conflicts | KZ2: constraints | LA2: error | LB2: grounding | LC2: mem | LD2: memout | LE2: models | LF2: par2 | LG2: restarts | LH2: rules | LI2: solving | LJ2: status | LK2: time | LL2: timeout | LM2: variables | LN2: atoms | LO2: choices | LP2: clingo_total | LQ2: conflicts | LR2: constraints | LS2: error | LT2: grounding | LU2: mem | LV2: memout | LW2: models | LX2: par2 | LY2: restarts | LZ2: rules | MA2: solving | MB2: status | MC2: time | MD2: timeout | ME2: variables | MF2: atoms | MG2: choices | MH2: clingo_total | MI2: conflicts | MJ2: constraints | MK2: error | ML2: grounding | MM2: mem | MN2: memout | MO2: models | MP2: par2 | MQ2: restarts | MR2: rules | MS2: solving | MT2: status | MU2: time | MV2: timeout | MW2: variables | MX2: atoms | MY2: choices | MZ2: clingo_total | NA2: conflicts | NB2: constraints | NC2: error | ND2: grounding | NE2: mem | NF2: memout | NG2: models | NH2: par2 | NI2: restarts | NJ2: rules | NK2: solving | NL2: status | NM2: time | NN2: timeout | NO2: variables | NP2: atoms | NQ2: choices | NR2: clingo_total | NS2: conflicts | NT2: constraints | NU2: error | NV2: grounding | NW2: mem | NX2: memout | NY2: models | NZ2: par2 | OA2: restarts | OB2: rules | OC2: solving | OD2: status | OE2: time | OF2: timeout | OG2: variables | OH2: atoms | OI2: choices | OJ2: clingo_total | OK2: conflicts | OL2: constraints | OM2: error | ON2: grounding | OO2: mem | OP2: memout | OQ2: models | OR2: par2 | OS2: restarts | OT2: rules | OU2: solving | OV2: status | OW2: time | OX2: timeout | OY2: variables | OZ2: atoms | PA2: choices | PB2: clingo_total | PC2: conflicts | PD2: constraints | PE2: error | PF2: grounding | PG2: mem | PH2: memout | PI2: models | PJ2: par2 | PK2: restarts | PL2: rules | PM2: solving | PN2: status | PO2: time | PP2: timeout | PQ2: variables | PR2: atoms | PS2: choices | PT2: clingo_total | PU2: conflicts | PV2: constraints | PW2: error | PX2: grounding | PY2: mem | PZ2: memout | QA2: models | QB2: par2 | QC2: restarts | QD2: rules | QE2: solving | QF2: status | QG2: time | QH2: timeout | QI2: variables | QJ2: atoms | QK2: choices | QL2: clingo_total | QM2: conflicts | QN2: constraints | QO2: error | QP2: grounding | QQ2: mem | QR2: memout | QS2: models | QT2: par2 | QU2: restarts | QV2: rules | QW2: solving | QX2: status | QY2: time | QZ2: timeout | RA2: variables | RB2: atoms | RC2: choices | RD2: clingo_total | RE2: conflicts | RF2: constraints | RG2: error | RH2: grounding | RI2: mem | RJ2: memout | RK2: models | RL2: par2 | RM2: restarts | RN2: rules | RO2: solving | RP2: status | RQ2: time | RR2: timeout | RS2: variables | RT2: atoms | RU2: choices | RV2: clingo_total | RW2: conflicts | RX2: constraints | RY2: error | RZ2: grounding | SA2: mem | SB2: memout | SC2: models | SD2: par2 | SE2: restarts | SF2: rules | SG2: solving | SH2: status | SI2: time | SJ2: timeout | SK2: variables | SL2: atoms | SM2: choices | SN2: clingo_total | SO2: conflicts | SP2: constraints | SQ2: error | SR2: grounding | SS2: mem | ST2: memout | SU2: models | SV2: par2 | SW2: restarts | SX2: rules | SY2: solving | SZ2: status | TA2: time | TB2: timeout | TC2: variables | TD2: atoms | TE2: choices | TF2: clingo_total | TG2: conflicts | TH2: constraints | TI2: error | TJ2: grounding | TK2: mem | TL2: memout | TM2: models | TN2: par2 | TO2: restarts | TP2: rules | TQ2: solving | TR2: time | TS2: timeout | TT2: variables | TU2: atoms | TV2: choices | TW2: clingo_total | TX2: conflicts | TY2: constraints | TZ2: error | UA2: grounding | UB2: mem | UC2: memout | UD2: models | UE2: par2 | UF2: restarts | UG2: rules | UH2: solving | UI2: time | UJ2: timeout | UK2: variables | UL2: atoms | UM2: choices | UN2: clingo_total | UO2: conflicts | UP2: constraints | UQ2: error | UR2: grounding | US2: mem | UT2: memout | UU2: models | UV2: par2 | UW2: restarts | UX2: rules | UY2: solving | UZ2: time | VA2: timeout | VB2: variables
A3: ./bsp-0010 | G3: 0 | I3: 128 | J3: 0 | L3: 0.88 | P3: SATISFIABLE | Q3: 0.88 | R3: 0 | AQ3: 0 | AS3: 132 | AT3: 0 | AV3: 1.32 | AZ3: SATISFIABLE | BA3: 1.32 | BB3: 0 | BD3: 636 | BE3: 10 | BF3: 0.007 | BG3: 0 | BH3: 3508 | BI3: 0 | BJ3: 0.007 | BK3: 0 | BL3: 0 | BM3: 1 | BN3: 0.03 | BO3: 0 | BP3: 4780 | BQ3: 0 | BR3: SATISFIABLE | BS3: 0.03 | BT3: 0 | BU3: 242 | BV3: 199 | BW3: 4 | BX3: 0.003 | BY3: 0 | BZ3: 170 | CA3: 0 | CB3: 0.003 | CC3: 0 | CD3: 0 | CE3: 1 | CF3: 0.02 | CG3: 0 | CH3: 1328 | CI3: 0 | CJ3: SATISFIABLE | CK3: 0.02 | CL3: 0 | CM3: 129 | CN3: 798 | CO3: 52 | CP3: 0.008 | CQ3: 46 | CR3: 3536 | CS3: 0 | CT3: 0.008 | CU3: 0 | CV3: 0 | CW3: 1 | CX3: 0.03 | CY3: 0 | CZ3: 4960 | DA3: 0 | DB3: SATISFIABLE | DC3: 0.03 | DD3: 0 | DE3: 246 | DF3: 361 | DG3: 5 | DH3: 0.003 | DI3: 0 | DJ3: 508 | DK3: 0 | DL3: 0.003 | DM3: 0 | DN3: 0 | DO3: 1 | DP3: 0.03 | DQ3: 0 | DR3: 1498 | DS3: 0 | DT3: SATISFIABLE | DU3: 0.03 | DV3: 0 | DW3: 237 | DX3: 798 | DY3: 60 | DZ3: 0.008 | EA3: 55 | EB3: 6896 | EC3: 0 | ED3: 0.008 | EE3: 0 | EF3: 0 | EG3: 1 | EH3: 0.03 | EI3: 0 | EJ3: 4960 | EK3: 0 | EL3: SATISFIABLE | EM3: 0.03 | EN3: 0 | EO3: 1366 | EP3: 361 | EQ3: 6 | ER3: 0.004 | ES3: 0 | ET3: 3808 | EU3: 0 | EV3: 0.004 | EW3: 0 | EX3: 0 | EY3: 1 | EZ3: 0.03 | FA3: 0 | FB3: 1498 | FC3: 0 | FD3: SATISFIABLE | FE3: 0.03 | FF3: 0 | FG3: 1337 | FH3: 470 | FI3: 21 | FJ3: 0.005 | FK3: 15 | FL3: 3466 | FM3: 0 | FN3: 0.005 | FO3: 0 | FP3: 0 | FQ3: 1 | FR3: 0.03 | FS3: 0 | FT3: 3476 | FU3: 0 | FV3: SATISFIABLE | FW3: 0.03 | FX3: 0 | FY3: 230 | FZ3: 33 | GA3: 4 | GB3: 0.001 | GC3: 0 | GD3: 2 | GE3: 0 | GF3: 0.001 | GG3: 0 | GH3: 0 | GI3: 1 | GJ3: 0.04 | GK3: 0 | GL3: 34 | GM3: 0 | GN3: SATISFIABLE | GO3: 0.04 | GP3: 0 | GQ3: 11 | GR3: 472 | GS3: 10 | GT3: 0.005 | GU3: 0 | GV3: 3466 | GW3: 0 | GX3: 0.005 | GY3: 0 | GZ3: 0 | HA3: 1 | HB3: 0.03 | HC3: 0 | HD3: 3478 | HE3: 0 | HF3: SATISFIABLE | HG3: 0.03 | HH3: 0 | HI3: 230 | HJ3: 1920 | HK3: 60 | HL3: 0.026 | HM3: 55 | HN3: 6876 | HO3: 0 | HP3: 0.026 | HQ3: 8 | HR3: 0 | HS3: 1 | HT3: 0.13 | HU3: 0 | HV3: 4962 | HW3: 0 | HX3: SATISFIABLE | HY3: 0.13 | HZ3: 0 | IA3: 1356 | IB3: 35 | IC3: 8 | ID3: 0.001 | IE3: 0 | IF3: 2 | IG3: 0 | IH3: 0.001 | II3: 0 | IJ3: 0 | IK3: 1 | IL3: 0.03 | IM3: 0 | IN3: 36 | IO3: 0 | IP3: SATISFIABLE | IQ3: 0.03 | IR3: 0 | IS3: 11 | IT3: 472 | IU3: 21 | IV3: 0.005 | IW3: 15 | IX3: 3466 | IY3: 0 | IZ3: 0.005 | JA3: 0 | JB3: 0 | JC3: 1 | JD3: 0.03 | JE3: 0 | JF3: 3478 | JG3: 0 | JH3: SATISFIABLE | JI3: 0.03 | JJ3: 0 | JK3: 230 | JL3: 35 | JM3: 4 | JN3: 0.002 | JO3: 0 | JP3: 2 | JQ3: 0 | JR3: 0.002 | JS3: 0 | JT3: 0 | JU3: 1 | JV3: 0.04 | JW3: 0 | JX3: 36 | JY3: 0 | JZ3: SATISFIABLE | KA3: 0.04 | KB3: 0 | KC3: 11 | KD3: 636 | KE3: 10 | KF3: 0.008 | KG3: 0 | KH3: 3508 | KI3: 0 | KJ3: 0.008 | KK3: 0 | KL3: 0 | KM3: 1 | KN3: 0.04 | KO3: 0 | KP3: 4780 | KQ3: 0 | KR3: SATISFIABLE | KS3: 0.04 | KT3: 0 | KU3: 242 | KV3: 199 | KW3: 4 | KX3: 0.003 | KY3: 0 | KZ3: 170 | LA3: 0 | LB3: 0.003 | LC3: 0 | LD3: 0 | LE3: 1 | LF3: 0.03 | LG3: 0 | LH3: 1328 | LI3: 0 | LJ3: SATISFIABLE | LK3: 0.03 | LL3: 0 | LM3: 129 | LN3: 798 | LO3: 52 | LP3: 0.007 | LQ3: 46 | LR3: 3536 | LS3: 0 | LT3: 0.007 | LU3: 0 | LV3: 0 | LW3: 1 | LX3: 0.03 | LY3: 0 | LZ3: 4960 | MA3: 0 | MB3: SATISFIABLE | MC3: 0.03 | MD3: 0 | ME3: 246 | MF3: 361 | MG3: 5 | MH3: 0.003 | MI3: 0 | MJ3: 508 | MK3: 0 | ML3: 0.003 | MM3: 0 | MN3: 0 | MO3: 1 | MP3: 0.03 | MQ3: 0 | MR3: 1498 | MS3: 0 | MT3: SATISFIABLE | MU3: 0.03 | MV3: 0 | MW3: 237 | MX3: 798 | MY3: 60 | MZ3: 0.008 | NA3: 55 | NB3: 6896 | NC3: 0 | ND3: 0.008 | NE3: 0 | NF3: 0 | NG3: 1 | NH3: 0.03 | NI3: 0 | NJ3: 4960 | NK3: 0 | NL3: SATISFIABLE | NM3: 0.03 | NN3: 0 | NO3: 1366 | NP3: 361 | NQ3: 6 | NR3: 0.004 | NS3: 0 | NT3: 3808 | NU3: 0 | NV3: 0.004 | NW3: 0 | NX3: 0 | NY3: 1 | NZ3: 0.03 | OA3: 0 | OB3: 1498 | OC3: 0 | OD3: SATISFIABLE | OE3: 0.03 | OF3: 0 | OG3: 1337 | OH3: 470 | OI3: 21 | OJ3: 0.022 | OK3: 15 | OL3: 3466 | OM3: 0 | ON3: 0.022 | OO3: 4 | OP3: 0 | OQ3: 1 | OR3: 0.17 | OS3: 0 | OT3: 3476 | OU3: 0 | OV3: SATISFIABLE | OW3: 0.17 | OX3: 0 | OY3: 230 | OZ3: 33 | PA3: 4 | PB3: 0.001 | PC3: 0 | PD3: 2 | PE3: 0 | PF3: 0.001 | PG3: 0 | PH3: 0 | PI3: 1 | PJ3: 0.04 | PK3: 0 | PL3: 34 | PM3: 0 | PN3: SATISFIABLE | PO3: 0.04 | PP3: 0 | PQ3: 11 | PR3: 473 | PS3: 10 | PT3: 0.028 | PU3: 0 | PV3: 3466 | PW3: 0 | PX3: 0.028 | PY3: 0 | PZ3: 0 | QA3: 1 | QB3: 0.06 | QC3: 0 | QD3: 3479 | QE3: 0 | QF3: SATISFIABLE | QG3: 0.06 | QH3: 0 | QI3: 230 | QJ3: 1921 | QK3: 60 | QL3: 0.06 | QM3: 55 | QN3: 6876 | QO3: 0 | QP3: 0.06 | QQ3: 0 | QR3: 0 | QS3: 1 | QT3: 0.1 | QU3: 0 | QV3: 4963 | QW3: 0 | QX3: SATISFIABLE | QY3: 0.1 | QZ3: 0 | RA3: 1356 | RB3: 36 | RC3: 8 | RD3: 0.087 | RE3: 0 | RF3: 2 | RG3: 0 | RH3: 0.087 | RI3: 11 | RJ3: 0 | RK3: 1 | RL3: 0.26 | RM3: 0 | RN3: 37 | RO3: 0 | RP3: SATISFIABLE | RQ3: 0.26 | RR3: 0 | RS3: 11 | RT3: 473 | RU3: 21 | RV3: 0.022 | RW3: 15 | RX3: 3466 | RY3: 0 | RZ3: 0.022 | SA3: 0 | SB3: 0 | SC3: 1 | SD3: 0.05 | SE3: 0 | SF3: 3479 | SG3: 0 | SH3: SATISFIABLE | SI3: 0.05 | SJ3: 0 | SK3: 230 | SL3: 36 | SM3: 4 | SN3: 0.021 | SO3: 0 | SP3: 2 | SQ3: 0 | SR3: 0.021 | SS3: 0 | ST3: 0 | SU3: 1 | SV3: 0.05 | SW3: 0 | SX3: 37 | SY3: 0 | SZ3: SATISFIABLE | TA3: 0.05 | TB3: 0 | TC3: 11 | TD3: =MIN($B3,$T3,$AL3,$BD3,$BV3,$CN3,$DF3,$DX3,$EP3,$FH3,$FZ3,$GR3,$HJ3,$IB3,$IT3,$JL3,$KD3,$KV3,$LN3,$MF3,$MX3,$NP3,$OH3,$OZ3,$PR3,$QJ3,$RB3,$RT3,$SL3) -> 0 | TE3: =MIN($C3,$U3,$AM3,$BE3,$BW3,$CO3,$DG3,$DY3,$EQ3,$FI3,$GA3,$GS3,$HK3,$IC3,$IU3,$JM3,$KE3,$KW3,$LO3,$MG3,$MY3,$NQ3,$OI3,$PA3,$PS3,$QK3,$RC3,$RU3,$SM3) -> 0 | TF3: =MIN($D3,$V3,$AN3,$BF3,$BX3,$CP3,$DH3,$DZ3,$ER3,$FJ3,$GB3,$GT3,$HL3,$ID3,$IV3,$JN3,$KF3,$KX3,$LP3,$MH3,$MZ3,$NR3,$OJ3,$PB3,$PT3,$QL3,$RD3,$RV3,$SN3) -> 0 | TG3: =MIN($E3,$W3,$AO3,$BG3,$BY3,$CQ3,$DI3,$EA3,$ES3,$FK3,$GC3,$GU3,$HM3,$IE3,$IW3,$JO3,$KG3,$KY3,$LQ3,$MI3,$NA3,$NS3,$OK3,$PC3,$PU3,$QM3,$RE3,$RW3,$SO3) -> 0 | TH3: =MIN($F3,$X3,$AP3,$BH3,$BZ3,$CR3,$DJ3,$EB3,$ET3,$FL3,$GD3,$GV3,$HN3,$IF3,$IX3,$JP3,$KH3,$KZ3,$LR3,$MJ3,$NB3,$NT3,$OL3,$PD3,$PV3,$QN3,$RF3,$RX3,$SP3) -> 0 | TI3: =MIN($G3,$Y3,$AQ3,$BI3,$CA3,$CS3,$DK3,$EC3,$EU3,$FM3,$GE3,$GW3,$HO3,$IG3,$IY3,$JQ3,$KI3,$LA3,$LS3,$MK3,$NC3,$NU3,$OM3,$PE3,$PW3,$QO3,$RG3,$RY3,$SQ3) -> 0 | TJ3: =MIN($H3,$Z3,$AR3,$BJ3,$CB3,$CT3,$DL3,$ED3,$EV3,$FN3,$GF3,$GX3,$HP3,$IH3,$IZ3,$JR3,$KJ3,$LB3,$LT3,$ML3,$ND3,$NV3,$ON3,$PF3,$PX3,$QP3,$RH3,$RZ3,$SR3) -> 0 | TK3: =MIN($I3,$AA3,$AS3,$BK3,$CC3,$CU3,$DM3,$EE3,$EW3,$FO3,$GG3,$GY3,$HQ3,$II3,$JA3,$JS3,$KK3,$LC3,$LU3,$MM3,$NE3,$NW3,$OO3,$PG3,$PY3,$QQ3,$RI3,$SA3,$SS3) -> 0 | TL3: =MIN($J3,$AB3,$AT3,$BL3,$CD3,$CV3,$DN3,$EF3,$EX3,$FP3,$GH3,$GZ3,$HR3,$IJ3,$JB3,$JT3,$KL3,$LD3,$LV3,$MN3,$NF3,$NX3,$OP3,$PH3,$PZ3,$QR3,$RJ3,$SB3,$ST3) -> 0 | TM3: =MIN($K3,$AC3,$AU3,$BM3,$CE3,$CW3,$DO3,$EG3,$EY3,$FQ3,$GI3,$HA3,$HS3,$IK3,$JC3,$JU3,$KM3,$LE3,$LW3,$MO3,$NG3,$NY3,$OQ3,$PI3,$QA3,$QS3,$RK3,$SC3,$SU3) -> 0 | TN3: =MIN($L3,$AD3,$AV3,$BN3,$CF3,$CX3,$DP3,$EH3,$EZ3,$FR3,$GJ3,$HB3,$HT3,$IL3,$JD3,$JV3,$KN3,$LF3,$LX3,$MP3,$NH3,$NZ3,$OR3,$PJ3,$QB3,$QT3,$RL3,$SD3,$SV3) -> 0 | TO3: =MIN($M3,$AE3,$AW3,$BO3,$CG3,$CY3,$DQ3,$EI3,$FA3,$FS3,$GK3,$HC3,$HU3,$IM3,$JE3,$JW3,$KO3,$LG3,$LY3,$MQ3,$NI3,$OA3,$OS3,$PK3,$QC3,$QU3,$RM3,$SE3,$SW3) -> 0 | TP3: =MIN($N3,$AF3,$AX3,$BP3,$CH3,$CZ3,$DR3,$EJ3,$FB3,$FT3,$GL3,$HD3,$HV3,$IN3,$JF3,$JX3,$KP3,$LH3,$LZ3,$MR3,$NJ3,$OB3,$OT3,$PL3,$QD3,$QV3,$RN3,$SF3,$SX3) -> 0 | TQ3: =MIN($O3,$AG3,$AY3,$BQ3,$CI3,$DA3,$DS3,$EK3,$FC3,$FU3,$GM3,$HE3,$HW3,$IO3,$JG3,$JY3,$KQ3,$LI3,$MA3,$MS3,$NK3,$OC3,$OU3,$PM3,$QE3,$QW3,$RO3,$SG3,$SY3) -> 0 | TR3: =MIN($Q3,$AI3,$BA3,$BS3,$CK3,$DC3,$DU3,$EM3,$FE3,$FW3,$GO3,$HG3,$HY3,$IQ3,$JI3,$KA3,$KS3,$LK3,$MC3,$MU3,$NM3,$OE3,$OW3,$PO3,$QG3,$QY3,$RQ3,$SI3,$TA3) -> 0 | TS3: =MIN($R3,$AJ3,$BB3,$BT3,$CL3,$DD3,$DV3,$EN3,$FF3,$FX3,$GP3,$HH3,$HZ3,$IR3,$JJ3,$KB3,$KT3,$LL3,$MD3,$MV3,$NN3,$OF3,$OX3,$PP3,$QH3,$QZ3,$RR3,$SJ3,$TB3) -> 0 | TT3: =MIN($S3,$AK3,$BC3,$BU3,$CM3,$DE3,$DW3,$EO3,$FG3,$FY3,$GQ3,$HI3,$IA3,$IS3,$JK3,$KC3,$KU3,$LM3,$ME3,$MW3,$NO3,$OG3,$OY3,$PQ3,$QI3,$RA3,$RS3,$SK3,$TC3) -> 0 | TU3: =MEDIAN($B3,$T3,$AL3,$BD3,$BV3,$CN3,$DF3,$DX3,$EP3,$FH3,$FZ3,$GR3,$HJ3,$IB3,$IT3,$JL3,$KD3,$KV3,$LN3,$MF3,$MX3,$NP3,$OH3,$OZ3,$PR3,$QJ3,$RB3,$RT3,$SL3) -> 0 | TV3: =MEDIAN($C3,$U3,$AM3,$BE3,$BW3,$CO3,$DG3,$DY3,$EQ3,$FI3,$GA3,$GS3,$HK3,$IC3,$IU3,$JM3,$KE3,$KW3,$LO3,$MG3,$MY3,$NQ3,$OI3,$PA3,$PS3,$QK3,$RC3,$RU3,$SM3) -> 0 | TW3: =MEDIAN($D3,$V3,$AN3,$BF3,$BX3,$CP3,$DH3,$DZ3,$ER3,$FJ3,$GB3,$GT3,$HL3,$ID3,$IV3,$JN3,$KF3,$KX3,$LP3,$MH3,$MZ3,$NR3,$OJ3,$PB3,$PT3,$QL3,$RD3,$RV3,$SN3) -> 0 | TX3: =MEDIAN($E3,$W3,$AO3,$BG3,$BY3,$CQ3,$DI3,$EA3,$ES3,$FK3,$GC3,$GU3,$HM3,$IE3,$IW3,$JO3,$KG3,$KY3,$LQ3,$MI3,$NA3,$NS3,$OK3,$PC3,$PU3,$QM3,$RE3,$RW3,$SO3) -> 0 | TY3: =MEDIAN($F3,$X3,$AP3,$BH3,$BZ3,$CR3,$DJ3,$EB3,$ET3,$FL3,$GD3,$GV3,$HN3,$IF3,$IX3,$JP3,$KH3,$KZ3,$LR3,$MJ3,$NB3,$NT3,$OL3,$PD3,$PV3,$QN3,$RF3,$RX3,$SP3) -> 0 | TZ3: =MEDIAN($G3,$Y3,$AQ3,$BI3,$CA3,$CS3,$DK3,$EC3,$EU3,$FM3,$GE3,$GW3,$HO3,$IG3,$IY3,$JQ3,$KI3,$LA3,$LS3,$MK3,$NC3,$NU3,$OM3,$PE3,$PW3,$QO3,$RG3,$RY3,$SQ3) -> 0 | UA3: =MEDIAN($H3,$Z3,$AR3,$BJ3,$CB3,$CT3,$DL3,$ED3,$EV3,$FN3,$GF3,$GX3,$HP3,$IH3,$IZ3,$JR3,$KJ3,$LB3,$LT3,$ML3,$ND3,$NV3,$ON3,$PF3,$PX3,$QP3,$RH3,$RZ3,$SR3) -> 0 | UB3: =MEDIAN($I3,$AA3,$AS3,$BK3,$CC3,$CU3,$DM3,$EE3,$EW3,$FO3,$GG3,$GY3,$HQ3,$II3,$JA3,$JS3,$KK3,$LC3,$LU3,$MM3,$NE3,$NW3,$OO3,$PG3,$PY3,$QQ3,$RI3,$SA3,$SS3) -> 0 | UC3: =MEDIAN($J3,$AB3,$AT3,$BL3,$CD3,$CV3,$DN3,$EF3,$EX3,$FP3,$GH3,$GZ3,$HR3,$IJ3,$JB3,$JT3,$KL3,$LD3,$LV3,$MN3,$NF3,$NX3,$OP3,$PH3,$PZ3,$QR3,$RJ3,$SB3,$ST3) -> 0 | UD3: =MEDIAN($K3,$AC3,$AU3,$BM3,$CE3,$CW3,$DO3,$EG3,$EY3,$FQ3,$GI3,$HA3,$HS3,$IK3,$JC3,$JU3,$KM3,$LE3,$LW3,$MO3,$NG3,$NY3,$OQ3,$PI3,$QA3,$QS3,$RK3,$SC3,$SU3) -> 0 | UE3: =MEDIAN($L3,$AD3,$AV3,$BN3,$CF3,$CX3,$DP3,$EH3,$EZ3,$FR3,$GJ3,$HB3,$HT3,$IL3,$JD3,$JV3,$KN3,$LF3,$LX3,$MP3,$NH3,$NZ3,$OR3,$PJ3,$QB3,$QT3,$RL3,$SD3,$SV3) -> 0 | UF3: =MEDIAN($M3,$AE3,$AW3,$BO3,$CG3,$CY3,$DQ3,$EI3,$FA3,$FS3,$GK3,$HC3,$HU3,$IM3,$JE3,$JW3,$KO3,$LG3,$LY3,$MQ3,$NI3,$OA3,$OS3,$PK3,$QC3,$QU3,$RM3,$SE3,$SW3) -> 0 | UG3: =MEDIAN($N3,$AF3,$AX3,$BP3,$CH3,$CZ3,$DR3,$EJ3,$FB3,$FT3,$GL3,$HD3,$HV3,$IN3,$JF3,$JX3,$KP3,$LH3,$LZ3,$MR3,$NJ3,$OB3,$OT3,$PL3,$QD3,$QV3,$RN3,$SF3,$SX3) -> 0 | UH3: =MEDIAN($O3,$AG3,$AY3,$BQ3,$CI3,$DA3,$DS3,$EK3,$FC3,$FU3,$GM3,$HE3,$HW3,$IO3,$JG3,$JY3,$KQ3,$LI3,$MA3,$MS3,$NK3,$OC3,$OU3,$PM3,$QE3,$QW3,$RO3,$SG3,$SY3) -> 0 | UI3: =MEDIAN($Q3,$AI3,$BA3,$BS3,$CK3,$DC3,$DU3,$EM3,$FE3,$FW3,$GO3,$HG3,$HY3,$IQ3,$JI3,$KA3,$KS3,$LK3,$MC3,$MU3,$NM3,$OE3,$OW3,$PO3,$QG3,$QY3,$RQ3,$SI3,$TA3) -> 0 | UJ3: =MEDIAN($R3,$AJ3,$BB3,$BT3,$CL3,$DD3,$DV3,$EN3,$FF3,$FX3,$GP3,$HH3,$HZ3,$IR3,$JJ3,$KB3,$KT3,$LL3,$MD3,$MV3,$NN3,$OF3,$OX3,$PP3,$QH3,$QZ3,$RR3,$SJ3,$TB3) -> 0 | UK3: =MEDIAN($S3,$AK3,$BC3,$BU3,$CM3,$DE3,$DW3,$EO3,$FG3,$FY3,$GQ3,$HI3,$IA3,$IS3,$JK3,$KC3,$KU3,$LM3,$ME3,$MW3,$NO3,$OG3,$OY3,$PQ3,$QI3,$RA3,$RS3,$SK3,$TC3) -> 0 | UL3: =MAX($B3,$T3,$AL3,$BD3,$BV3,$CN3,$DF3,$DX3,$EP3,$FH3,$FZ3,$GR3,$HJ3,$IB3,$IT3,$JL3,$KD3,$KV3,$LN3,$MF3,$MX3,$NP3,$OH3,$OZ3,$PR3,$QJ3,$RB3,$RT3,$SL3) -> 0 | UM3: =MAX($C3,$U3,$AM3,$BE3,$BW3,$CO3,$DG3,$DY3,$EQ3,$FI3,$GA3,$GS3,$HK3,$IC3,$IU3,$JM3,$KE3,$KW3,$LO3,$MG3,$MY3,$NQ3,$OI3,$PA3,$PS3,$QK3,$RC3,$RU3,$SM3) -> 0 | UN3: =MAX($D3,$V3,$AN3,$BF3,$BX3,$CP3,$DH3,$DZ3,$ER3,$FJ3,$GB3,$GT3,$HL3,$ID3,$IV3,$JN3,$KF3,$KX3,$LP3,$MH3,$MZ3,$NR3,$OJ3,$PB3,$PT3,$QL3,$RD3,$RV3,$SN3) -> 0 | UO3: =MAX($E3,$W3,$AO3,$BG3,$BY3,$CQ3,$DI3,$EA3,$ES3,$FK3,$GC3,$GU3,$HM3,$IE3,$IW3,$JO3,$KG3,$KY3,$LQ3,$MI3,$NA3,$NS3,$OK3,$PC3,$PU3,$QM3,$RE3,$RW3,$SO3) -> 0 | UP3: =MAX($F3,$X3,$AP3,$BH3,$BZ3,$CR3,$DJ3,$EB3,$ET3,$FL3,$GD3,$GV3,$HN3,$IF3,$IX3,$JP3,$KH3,$KZ3,$LR3,$MJ3,$NB3,$NT3,$OL3,$PD3,$PV3,$QN3,$RF3,$RX3,$SP3) -> 0 | UQ3: =MAX($G3,$Y3,$AQ3,$BI3,$CA3,$CS3,$DK3,$EC3,$EU3,$FM3,$GE3,$GW3,$HO3,$IG3,$IY3,$JQ3,$KI3,$LA3,$LS3,$MK3,$NC3,$NU3,$OM3,$PE3,$PW3,$QO3,$RG3,$RY3,$SQ3) -> 0 | UR3: =MAX($H3,$Z3,$AR3,$BJ3,$CB3,$CT3,$DL3,$ED3,$EV3,$FN3,$GF3,$GX3,$HP3,$IH3,$IZ3,$JR3,$KJ3,$LB3,$LT3,$ML3,$ND3,$NV3,$ON3,$PF3,$PX3,$QP3,$RH3,$RZ3,$SR3) -> 0 | US3: =MAX($I3,$AA3,$AS3,$BK3,$CC3,$CU3,$DM3,$EE3,$EW3,$FO3,$GG3,$GY3,$HQ3,$II3,$JA3,$JS3,$KK3,$LC3,$LU3,$MM3,$NE3,$NW3,$OO3,$PG3,$PY3,$QQ3,$RI3,$SA3,$SS3) -> 0 | UT3: =MAX($J3,$AB3,$AT3,$BL3,$CD3,$CV3,$DN3,$EF3,$EX3,$FP3,$GH3,$GZ3,$HR3,$IJ3,$JB3,$JT3,$KL3,$LD3,$LV3,$MN3,$NF3,$NX3,$OP3,$PH3,$PZ3,$QR3,$RJ3,$SB3,$ST3) -> 0 | UU3: =MAX($K3,$AC3,$AU3,$BM3,$CE3,$CW3,$DO3,$EG3,$EY3,$FQ3,$GI3,$HA3,$HS3,$IK3,$JC3,$JU3,$KM3,$LE3,$LW3,$MO3,$NG3,$NY3,$OQ3,$PI3,$QA3,$QS3,$RK3,$SC3,$SU3) -> 0 | UV3: =MAX($L3,$AD3,$AV3,$BN3,$CF3,$CX3,$DP3,$EH3,$EZ3,$FR3,$GJ3,$HB3,$HT3,$IL3,$JD3,$JV3,$KN3,$LF3,$LX3,$MP3,$NH3,$NZ3,$OR3,$PJ3,$QB3,$QT3,$RL3,$SD3,$SV3) -> 0 | UW3: =MAX($M3,$AE3,$AW3,$BO3,$CG3,$CY3,$DQ3,$EI3,$FA3,$FS3,$GK3,$HC3,$HU3,$IM3,$JE3,$JW3,$KO3,$LG3,$LY3,$MQ3,$NI3,$OA3,$OS3,$PK3,$QC3,$QU3,$RM3,$SE3,$SW3) -> 0 | UX3: =MAX($N3,$AF3,$AX3,$BP3,$CH3,$CZ3,$DR3,$EJ3,$FB3,$FT3,$GL3,$HD3,$HV3,$IN3,$JF3,$JX3,$KP3,$LH3,$LZ3,$MR3,$NJ3,$OB3,$OT3,$PL3,$QD3,$QV3,$RN3,$SF3,$SX3) -> 0 | UY3: =MAX($O3,$AG3,$AY3,$BQ3,$CI3,$DA3,$DS3,$EK3,$FC3,$FU3,$GM3,$HE3,$HW3,$IO3,$JG3,$JY3,$KQ3,$LI3,$MA3,$MS3,$NK3,$OC3,$OU3,$PM3,$QE3,$QW3,$RO3,$SG3,$SY3) -> 0 | UZ3: =MAX($Q3,$AI3,$BA3,$BS3,$CK3,$DC3,$DU3,$EM3,$FE3,$FW3,$GO3,$HG3,$HY3,$IQ3,$JI3,$KA3,$KS3,$LK3,$MC3,$MU3,$NM3,$OE3,$OW3,$PO3,$QG3,$QY3,$RQ3,$SI3,$TA3) -> 0 | VA3: =MAX($R3,$AJ3,$BB3,$BT3,$CL3,$DD3,$DV3,$EN3,$FF3,$FX3,$GP3,$HH3,$HZ3,$IR3,$JJ3,$KB3,$KT3,$LL3,$MD3,$MV3,$NN3,$OF3,$OX3,$PP3,$QH3,$QZ3,$RR3,$SJ3,$TB3) -> 0 | VB3: =MAX($S3,$AK3,$BC3,$BU3,$CM3,$DE3,$DW3,$EO3,$FG3,$FY3,$GQ3,$HI3,$IA3,$IS3,$JK3,$KC3,$KU3,$LM3,$ME3,$MW3,$NO3,$OG3,$OY3,$PQ3,$QI3,$RA3,$RS3,$SK3,$TC3) -> 0
A4: ./bsp-0020 | G4: 0 | I4: 132 | J4: 0 | L4: 0.88 | P4: SATISFIABLE | Q4: 0.88 | R4: 0 | AQ4: 0 | AS4: 170 | AT4: 0 | AV4: 0.96 | AZ4: SATISFIABLE | BA4: 0.96 | BB4: 0 | BD4: 2371 | BE4: 20 | BF4: 0.063 | BG4: 0 | BH4: 45768 | BI4: 0 | BJ4: 0.063 | BK4: 0 | BL4: 0 | BM4: 1 | BN4: 0.09 | BO4: 0 | BP4: 54815 | BQ4: 0 | BR4: SATISFIABLE | BS4: 0.09 | BT4: 0 | BU4: 882 | BV4: 694 | BW4: 6 | BX4: 0.032 | BY4: 0 | BZ4: 540 | CA4: 0 | CB4: 0.032 | CC4: 9 | CD4: 0 | CE4: 1 | CF4: 0.12 | CG4: 0 | CH4: 9153 | CI4: 0 | CJ4: SATISFIABLE | CK4: 0.12 | CL4: 0 | CM4: 459 | CN4: 2998 | CO4: 606 | CP4: 0.067 | CQ4: 524 | CR4: 45816 | CS4: 0 | CT4: 0.057 | CU4: 0 | CV4: 0 | CW4: 1 | CX4: 0.09 | CY4: 5 | CZ4: 55480 | DA4: 0.01 | DB4: SATISFIABLE | DC4: 0.09 | DD4: 0 | DE4: 886 | DF4: 1321 | DG4: 6 | DH4: 0.011 | DI4: 0 | DJ4: 1827 | DK4: 0 | DL4: 0.011 | DM4: 0 | DN4: 0 | DO4: 1 | DP4: 0.03 | DQ4: 0 | DR4: 9798 | DS4: 0 | DT4: SATISFIABLE | DU4: 0.03 | DV4: 0 | DW4: 876 | DX4: 2998 | DY4: 578 | DZ4: 0.083 | EA4: 498 | EB4: 71136 | EC4: 0 | ED4: 0.073 | EE4: 0 | EF4: 0 | EG4: 1 | EH4: 0.11 | EI4: 5 | EJ4: 55480 | EK4: 0.01 | EL4: SATISFIABLE | EM4: 0.11 | EN4: 0 | EO4: 9326 | EP4: 1321 | EQ4: 13 | ER4: 0.024 | ES4: 1 | ET4: 27007 | EU4: 0 | EV4: 0.024 | EW4: 0 | EX4: 0 | EY4: 1 | EZ4: 0.05 | FA4: 0 | FB4: 9798 | FC4: 0 | FD4: SATISFIABLE | FE4: 0.05 | FF4: 0 | FG4: 9276 | FH4: 1740 | FI4: 1510 | FJ4: 0.065 | FK4: 1338 | FL4: 45686 | FM4: 0 | FN4: 0.045 | FO4: 0 | FP4: 0 | FQ4: 1 | FR4: 0.09 | FS4: 12 | FT4: 45706 | FU4: 0.02 | FV4: SATISFIABLE | FW4: 0.09 | FX4: 0 | FY4: 860 | FZ4: 63 | GA4: 7 | GB4: 0.001 | GC4: 0 | GD4: 2 | GE4: 0 | GF4: 0.001 | GG4: 0 | GH4: 0 | GI4: 1 | GJ4: 0.05 | GK4: 0 | GL4: 64 | GM4: 0 | GN4: SATISFIABLE | GO4: 0.05 | GP4: 0 | GQ4: 21 | GR4: 1742 | GS4: 20 | GT4: 0.077 | GU4: 0 | GV4: 45686 | GW4: 0 | GX4: 0.077 | GY4: 5 | GZ4: 0 | HA4: 1 | HB4: 0.19 | HC4: 0 | HD4: 45708 | HE4: 0 | HF4: SATISFIABLE | HG4: 0.19 | HH4: 0 | HI4: 860 | HJ4: 11440 | HK4: 573 | HL4: 0.215 | HM4: 492 | HN4: 71096 | HO4: 0 | HP4: 0.095 | HQ4: 25 | HR4: 0 | HS4: 1 | HT4: 0.24 | HU4: 5 | HV4: 55482 | HW4: 0.12 | HX4: SATISFIABLE | HY4: 0.24 | HZ4: 0 | IA4: 9306 | IB4: 65 | IC4: 17 | ID4: 0.001 | IE4: 0 | IF4: 2 | IG4: 0 | IH4: 0.001 | II4: 0 | IJ4: 0 | IK4: 1 | IL4: 0.03 | IM4: 0 | IN4: 66 | IO4: 0 | IP4: SATISFIABLE | IQ4: 0.03 | IR4: 0 | IS4: 21 | IT4: 1742 | IU4: 1510 | IV4: 0.078 | IW4: 1338 | IX4: 45686 | IY4: 0 | IZ4: 0.048 | JA4: 0 | JB4: 0 | JC4: 1 | JD4: 0.1 | JE4: 12 | JF4: 45708 | JG4: 0.03 | JH4: SATISFIABLE | JI4: 0.1 | JJ4: 0 | JK4: 860 | JL4: 65 | JM4: 7 | JN4: 0.001 | JO4: 0 | JP4: 2 | JQ4: 0 | JR4: 0.001 | JS4: 0 | JT4: 0 | JU4: 1 | JV4: 0.03 | JW4: 0 | JX4: 66 | JY4: 0 | JZ4: SATISFIABLE | KA4: 0.03 | KB4: 0 | KC4: 21 | KD4: 2371 | KE4: 20 | KF4: 0.073 | KG4: 0 | KH4: 45768 | KI4: 0 | KJ4: 0.073 | KK4: 0 | KL4: 0 | KM4: 1 | KN4: 0.1 | KO4: 0 | KP4: 54815 | KQ4: 0 | KR4: SATISFIABLE | KS4: 0.1 | KT4: 0 | KU4: 882 | KV4: 694 | KW4: 6 | KX4: 0.015 | KY4: 0 | KZ4: 540 | LA4: 0 | LB4: 0.015 | LC4: 0 | LD4: 0 | LE4: 1 | LF4: 0.04 | LG4: 0 | LH4: 9153 | LI4: 0 | LJ4: SATISFIABLE | LK4: 0.04 | LL4: 0 | LM4: 459 | LN4: 2998 | LO4: 606 | LP4: 0.071 | LQ4: 524 | LR4: 45816 | LS4: 0 | LT4: 0.061 | LU4: 0 | LV4: 0 | LW4: 1 | LX4: 0.1 | LY4: 5 | LZ4: 55480 | MA4: 0.01 | MB4: SATISFIABLE | MC4: 0.1 | MD4: 0 | ME4: 886 | MF4: 1321 | MG4: 6 | MH4: 0.029 | MI4: 0 | MJ4: 1827 | MK4: 0 | ML4: 0.029 | MM4: 4 | MN4: 0 | MO4: 1 | MP4: 0.17 | MQ4: 0 | MR4: 9798 | MS4: 0 | MT4: SATISFIABLE | MU4: 0.17 | MV4: 0 | MW4: 876 | MX4: 2998 | MY4: 578 | MZ4: 0.085 | NA4: 498 | NB4: 71136 | NC4: 0 | ND4: 0.075 | NE4: 0 | NF4: 0 | NG4: 1 | NH4: 0.11 | NI4: 5 | NJ4: 55480 | NK4: 0.01 | NL4: SATISFIABLE | NM4: 0.11 | NN4: 0 | NO4: 9326 | NP4: 1321 | NQ4: 13 | NR4: 0.02 | NS4: 1 | NT4: 27007 | NU4: 0 | NV4: 0.02 | NW4: 0 | NX4: 0 | NY4: 1 | NZ4: 0.05 | OA4: 0 | OB4: 9798 | OC4: 0 | OD4: SATISFIABLE | OE4: 0.05 | OF4: 0 | OG4: 9276 | OH4: 1740 | OI4: 1510 | OJ4: 0.068 | OK4: 1338 | OL4: 45686 | OM4: 0 | ON4: 0.048 | OO4: 0 | OP4: 0 | OQ4: 1 | OR4: 0.09 | OS4: 12 | OT4: 45706 | OU4: 0.02 | OV4: SATISFIABLE | OW4: 0.09 | OX4: 0 | OY4: 860 | OZ4: 63 | PA4: 7 | PB4: 0.001 | PC4: 0 | PD4: 2 | PE4: 0 | PF4: 0.001 | PG4: 0 | PH4: 0 | PI4: 1 | PJ4: 0.04 | PK4: 0 | PL4: 64 | PM4: 0 | PN4: SATISFIABLE | PO4: 0.04 | PP4: 0 | PQ4: 21 | PR4: 1743 | PS4: 20 | PT4: 0.077 | PU4: 0 | PV4: 45686 | PW4: 0 | PX4: 0.077 | PY4: 0 | PZ4: 0 | QA4: 1 | QB4: 0.11 | QC4: 0 | QD4: 45709 | QE4: 0 | QF4: SATISFIABLE | QG4: 0.11 | QH4: 0 | QI4: 860 | QJ4: 11441 | QK4: 573 | QL4: 0.446 | QM4: 492 | QN4: 71096 | QO4: 0 | QP4: 0.306 | QQ4: 29 | QR4: 0 | QS4: 1 | QT4: 0.48 | QU4: 5 | QV4: 55483 | QW4: 0.14 | QX4: SATISFIABLE | QY4: 0.48 | QZ4: 0 | RA4: 9306 | RB4: 66 | RC4: 17 | RD4: 0.019 | RE4: 0 | RF4: 2 | RG4: 0 | RH4: 0.019 | RI4: 0 | RJ4: 0 | RK4: 1 | RL4: 0.04 | RM4: 0 | RN4: 67 | RO4: 0 | RP4: SATISFIABLE | RQ4: 0.04 | RR4: 0 | RS4: 21 | RT4: 1743 | RU4: 1510 | RV4: 0.182 | RW4: 1338 | RX4: 45686 | RY4: 0 | RZ4: 0.122 | SA4: 18 | SB4: 0 | SC4: 1 | SD4: 0.31 | SE4: 12 | SF4: 45709 | SG4: 0.06 | SH4: SATISFIABLE | SI4: 0.31 | SJ4: 0 | SK4: 860 | SL4: 66 | SM4: 7 | SN4: 0.017 | SO4: 0 | SP4: 2 | SQ4: 0 | SR4: 0.017 | SS4: 0 | ST4: 0 | SU4: 1 | SV4: 0.04 | SW4: 0 | SX4: 67 | SY4: 0 | SZ4: SATISFIABLE | TA4: 0.04 | TB4: 0 | TC4: 21 | TD4: =MIN($B4,$T4,$AL4,$BD4,$BV4,$CN4,$DF4,$DX4,$EP4,$FH4,$FZ4,$GR4,$HJ4,$IB4,$IT4,$JL4,$KD4,$KV4,$LN4,$MF4,$MX4,$NP4,$OH4,$OZ4,$PR4,$QJ4,$RB4,$RT4,$SL4) -> 0 | TE4: =MIN($C4,$U4,$AM4,$BE4,$BW4,$CO4,$DG4,$DY4,$EQ4,$FI4,$GA4,$GS4,$HK4,$IC4,$IU4,$JM4,$KE4,$KW4,$LO4,$MG4,$MY4,$NQ4,$OI4,$PA4,$PS4,$QK4,$RC4,$RU4,$SM4) -> 0 | TF4: =MIN($D4,$V4,$AN4,$BF4,$BX4,$CP4,$DH4,$DZ4,$ER4,$FJ4,$GB4,$GT4,$HL4,$ID4,$IV4,$JN4,$KF4,$KX4,$LP4,$MH4,$MZ4,$NR4,$OJ4,$PB4,$PT4,$QL4,$RD4,$RV4,$SN4) -> 0 | TG4: =MIN($E4,$W4,$AO4,$BG4,$BY4,$CQ4,$DI4,$EA4,$ES4,$FK4,$GC4,$GU4,$HM4,$IE4,$IW4,$JO4,$KG4,$KY4,$LQ4,$MI4,$NA4,$NS4,$OK4,$PC4,$PU4,$QM4,$RE4,$RW4,$SO4) -> 0 | TH4: =MIN($F4,$X4,$AP4,$BH4,$BZ4,$CR4,$DJ4,$EB4,$ET4,$FL4,$GD4,$GV4,$HN4,$IF4,$IX4,$JP4,$KH4,$KZ4,$LR4,$MJ4,$NB4,$NT4,$OL4,$PD4,$PV4,$QN4,$RF4,$RX4,$SP4) -> 0 | TI4: =MIN($G4,$Y4,$AQ4,$BI4,$CA4,$CS4,$DK4,$EC4,$EU4,$FM4,$GE4,$GW4,$HO4,$IG4,$IY4,$JQ4,$KI4,$LA4,$LS4,$MK4,$NC4,$NU4,$OM4,$PE4,$PW4,$QO4,$RG4,$RY4,$SQ4) -> 0 | TJ4: =MIN($H4,$Z4,$AR4,$BJ4,$CB4,$CT4,$DL4,$ED4,$EV4,$FN4,$GF4,$GX4,$HP4,$IH4,$IZ4,$JR4,$KJ4,$LB4,$LT4,$ML4,$ND4,$NV4,$ON4,$PF4,$PX4,$QP4,$RH4,$RZ4,$SR4) -> 0 | TK4: =MIN($I4,$AA4,$AS4,$BK4,$CC4,$CU4,$DM4,$EE4,$EW4,$FO4,$GG4,$GY4,$HQ4,$II4,$JA4,$JS4,$KK4,$LC4,$LU4,$MM4,$NE4,$NW4,$OO4,$PG4,$PY4,$QQ4,$RI4,$SA4,$SS4) -> 0 | TL4: =MIN($J4,$AB4,$AT4,$BL4,$CD4,$CV4,$DN4,$EF4,$EX4,$FP4,$GH4,$GZ4,$HR4,$IJ4,$JB4,$JT4,$KL4,$LD4,$LV4,$MN4,$NF4,$NX4,$OP4,$PH4,$PZ4,$QR4,$RJ4,$SB4,$ST4) -> 0 | TM4: =MIN($K4,$AC4,$AU4,$BM4,$CE4,$CW4,$DO4,$EG4,$EY4,$FQ4,$GI4,$HA4,$HS4,$IK4,$JC4,$JU4,$KM4,$LE4,$LW4,$MO4,$NG4,$NY4,$OQ4,$PI4,$QA4,$QS4,$RK4,$SC4,$SU4) -> 0 | TN4: =MIN($L4,$AD4,$AV4,$BN4,$CF4,$CX4,$DP4,$EH4,$EZ4,$FR4,$GJ4,$HB4,$HT4,$IL4,$JD4,$JV4,$KN4,$LF4,$LX4,$MP4,$NH4,$NZ4,$OR4,$PJ4,$QB4,$QT4,$RL4,$SD4,$SV4) -> 0 | TO4: =MIN($M4,$AE4,$AW4,$BO4,$CG4,$CY4,$DQ4,$EI4,$FA4,$FS4,$GK4,$HC4,$HU4,$IM4,$JE4,$JW4,$KO4,$LG4,$LY4,$MQ4,$NI4,$OA4,$OS4,$PK4,$QC4,$QU4,$RM4,$SE4,$SW4) -> 0 | TP4: =MIN($N4,$AF4,$AX4,$BP4,$CH4,$CZ4,$DR4,$EJ4,$FB4,$FT4,$GL4,$HD4,$HV4,$IN4,$JF4,$JX4,$KP4,$LH4,$LZ4,$MR4,$NJ4,$OB4,$OT4,$PL4,$QD4,$QV4,$RN4,$SF4,$SX4) -> 0 | TQ4: =MIN($O4,$AG4,$AY4,$BQ4,$CI4,$DA4,$DS4,$EK4,$FC4,$FU4,$GM4,$HE4,$HW4,$IO4,$JG4,$JY4,$KQ4,$LI4,$MA4,$MS4,$NK4,$OC4,$OU4,$PM4,$QE4,$QW4,$RO4,$SG4,$SY4) -> 0 | TR4: =MIN($Q4,$AI4,$BA4,$BS4,$CK4,$DC4,$DU4,$EM4,$FE4,$FW4,$GO4,$HG4,$HY4,$IQ4,$JI4,$KA4,$KS4,$LK4,$MC4,$MU4,$NM4,$OE4,$OW4,$PO4,$QG4,$QY4,$RQ4,$SI4,$TA4) -> 0 | TS4: =MIN($R4,$AJ4,$BB4,$BT4,$CL4,$DD4,$DV4,$EN4,$FF4,$FX4,$GP4,$HH4,$HZ4,$IR4,$JJ4,$KB4,$KT4,$LL4,$MD4,$MV4,$NN4,$OF4,$OX4,$PP4,$QH4,$QZ4,$RR4,$SJ4,$TB4) -> 0 | TT4: =MIN($S4,$AK4,$BC4,$BU4,$CM4,$DE4,$DW4,$EO4,$FG4,$FY4,$GQ4,$HI4,$IA4,$IS4,$JK4,$KC4,$KU4,$LM4,$ME4,$MW4,$NO4,$OG4,$OY4,$PQ4,$QI4,$RA4,$RS4,$SK4,$TC4) -> 0 | TU4: =MEDIAN($B4,$T4,$AL4,$BD4,$BV4,$CN4,$DF4,$DX4,$EP4,$FH4,$FZ4,$GR4,$HJ4,$IB4,$IT4,$JL4,$KD4,$KV4,$LN4,$MF4,$MX4,$NP4,$OH4,$OZ4,$PR4,$QJ4,$RB4,$RT4,$SL4) -> 0 | TV4: =MEDIAN($C4,$U4,$AM4,$BE4,$BW4,$CO4,$DG4,$DY4,$EQ4,$FI4,$GA4,$GS4,$HK4,$IC4,$IU4,$JM4,$KE4,$KW4,$LO4,$MG4,$MY4,$NQ4,$OI4,$PA4,$PS4,$QK4,$RC4,$RU4,$SM4) -> 0 | TW4: =MEDIAN($D4,$V4,$AN4,$BF4,$BX4,$CP4,$DH4,$DZ4,$ER4,$FJ4,$GB4,$GT4,$HL4,$ID4,$IV4,$JN4,$KF4,$KX4,$LP4,$MH4,$MZ4,$NR4,$OJ4,$PB4,$PT4,$QL4,$RD4,$RV4,$SN4) -> 0 | TX4: =MEDIAN($E4,$W4,$AO4,$BG4,$BY4,$CQ4,$DI4,$EA4,$ES4,$FK4,$GC4,$GU4,$HM4,$IE4,$IW4,$JO4,$KG4,$KY4,$LQ4,$MI4,$NA4,$NS4,$OK4,$PC4,$PU4,$QM4,$RE4,$RW4,$SO4) -> 0 | TY4: =MEDIAN($F4,$X4,$AP4,$BH4,$BZ4,$CR4,$DJ4,$EB4,$ET4,$FL4,$GD4,$GV4,$HN4,$IF4,$IX4,$JP4,$KH4,$KZ4,$LR4,$MJ4,$NB4,$NT4,$OL4,$PD4,$PV4,$QN4,$RF4,$RX4,$SP4) -> 0 | TZ4: =MEDIAN($G4,$Y4,$AQ4,$BI4,$CA4,$CS4,$DK4,$EC4,$EU4,$FM4,$GE4,$GW4,$HO4,$IG4,$IY4,$JQ4,$KI4,$LA4,$LS4,$MK4,$NC4,$NU4,$OM4,$PE4,$PW4,$QO4,$RG4,$RY4,$SQ4) -> 0 | UA4: =MEDIAN($H4,$Z4,$AR4,$BJ4,$CB4,$CT4,$DL4,$ED4,$EV4,$FN4,$GF4,$GX4,$HP4,$IH4,$IZ4,$JR4,$KJ4,$LB4,$LT4,$ML4,$ND4,$NV4,$ON4,$PF4,$PX4,$QP4,$RH4,$RZ4,$SR4) -> 0 | UB4: =MEDIAN($I4,$AA4,$AS4,$BK4,$CC4,$CU4,$DM4,$EE4,$EW4,$FO4,$GG4,$GY4,$HQ4,$II4,$JA4,$JS4,$KK4,$LC4,$LU4,$MM4,$NE4,$NW4,$OO4,$PG4,$PY4,$QQ4,$RI4,$SA4,$SS4) -> 0 | UC4: =MEDIAN($J4,$AB4,$AT4,$BL4,$CD4,$CV4,$DN4,$EF4,$EX4,$FP4,$GH4,$GZ4,$HR4,$IJ4,$JB4,$JT4,$KL4,$LD4,$LV4,$MN4,$NF4,$NX4,$OP4,$PH4,$PZ4,$QR4,$RJ4,$SB4,$ST4) -> 0 | UD4: =MEDIAN($K4,$AC4,$AU4,$BM4,$CE4,$CW4,$DO4,$EG4,$EY4,$FQ4,$GI4,$HA4,$HS4,$IK4,$JC4,$JU4,$KM4,$LE4,$LW4,$MO4,$NG4,$NY4,$OQ4,$PI4,$QA4,$QS4,$RK4,$SC4,$SU4) -> 0 | UE4: =MEDIAN($L4,$AD4,$AV4,$BN4,$CF4,$CX4,$DP4,$EH4,$EZ4,$FR4,$GJ4,$HB4,$HT4,$IL4,$JD4,$JV4,$KN4,$LF4,$LX4,$MP4,$NH4,$NZ4,$OR4,$PJ4,$QB4,$QT4,$RL4,$SD4,$SV4) -> 0 | UF4: =MEDIAN($M4,$AE4,$AW4,$BO4,$CG4,$CY4,$DQ4,$EI4,$FA4,$FS4,$GK4,$HC4,$HU4,$IM4,$JE4,$JW4,$KO4,$LG4,$LY4,$MQ4,$NI4,$OA4,$OS4,$PK4,$QC4,$QU4,$RM4,$SE4,$SW4) -> 0 | UG4: =MEDIAN($N4,$AF4,$AX4,$BP4,$CH4,$CZ4,$DR4,$EJ4,$FB4,$FT4,$GL4,$HD4,$HV4,$IN4,$JF4,$JX4,$KP4,$LH4,$LZ4,$MR4,$NJ4,$OB4,$OT4,$PL4,$QD4,$QV4,$RN4,$SF4,$SX4) -> 0 | UH4: =MEDIAN($O4,$AG4,$AY4,$BQ4,$CI4,$DA4,$DS4,$EK4,$FC4,$FU4,$GM4,$HE4,$HW4,$IO4,$JG4,$JY4,$KQ4,$LI4,$MA4,$MS4,$NK4,$OC4,$OU4,$PM4,$QE4,$QW4,$RO4,$SG4,$SY4) -> 0 | UI4: =MEDIAN($Q4,$AI4,$BA4,$BS4,$CK4,$DC4,$DU4,$EM4,$FE4,$FW4,$GO4,$HG4,$HY4,$IQ4,$JI4,$KA4,$KS4,$LK4,$MC4,$MU4,$NM4,$OE4,$OW4,$PO4,$QG4,$QY4,$RQ4,$SI4,$TA4) -> 0 | UJ4: =MEDIAN($R4,$AJ4,$BB4,$BT4,$CL4,$DD4,$DV4,$EN4,$FF4,$FX4,$GP4,$HH4,$HZ4,$IR4,$JJ4,$KB4,$KT4,$LL4,$MD4,$MV4,$NN4,$OF4,$OX4,$PP4,$QH4,$QZ4,$RR4,$SJ4,$TB4) -> 0 | UK4: =MEDIAN($S4,$AK4,$BC4,$BU4,$CM4,$DE4,$DW4,$EO4,$FG4,$FY4,$GQ4,$HI4,$IA4,$IS4,$JK4,$KC4,$KU4,$LM4,$ME4,$MW4,$NO4,$OG4,$OY4,$PQ4,$QI4,$RA4,$RS4,$SK4,$TC4) -> 0 | UL4: =MAX($B4,$T4,$AL4,$BD4,$BV4,$CN4,$DF4,$DX4,$EP4,$FH4,$FZ4,$GR4,$HJ4,$IB4,$IT4,$JL4,$KD4,$KV4,$LN4,$MF4,$MX4,$NP4,$OH4,$OZ4,$PR4,$QJ4,$RB4,$RT4,$SL4) -> 0 | UM4: =MAX($C4,$U4,$AM4,$BE4,$BW4,$CO4,$DG4,$DY4,$EQ4,$FI4,$GA4,$GS4,$HK4,$IC4,$IU4,$JM4,$KE4,$KW4,$LO4,$MG4,$MY4,$NQ4,$OI4,$PA4,$PS4,$QK4,$RC4,$RU4,$SM4) -> 0 | UN4: =MAX($D4,$V4,$AN4,$BF4,$BX4,$CP4,$DH4,$DZ4,$ER4,$FJ4,$GB4,$GT4,$HL4,$ID4,$IV4,$JN4,$KF4,$KX4,$LP4,$MH4,$MZ4,$NR4,$OJ4,$PB4,$PT4,$QL4,$RD4,$RV4,$SN4) -> 0 | UO4: =MAX($E4,$W4,$AO4,$BG4,$BY4,$CQ4,$DI4,$EA4,$ES4,$FK4,$GC4,$GU4,$HM4,$IE4,$IW4,$JO4,$KG4,$KY4,$LQ4,$MI4,$NA4,$NS4,$OK4,$PC4,$PU4,$QM4,$RE4,$RW4,$SO4) -> 0 | UP4: =MAX($F4,$X4,$AP4,$BH4,$BZ4,$CR4,$DJ4,$EB4,$ET4,$FL4,$GD4,$GV4,$HN4,$IF4,$IX4,$JP4,$KH4,$KZ4,$LR4,$MJ4,$NB4,$NT4,$OL4,$PD4,$PV4,$QN4,$RF4,$RX4,$SP4) -> 0 | UQ4: =MAX($G4,$Y4,$AQ4,$BI4,$CA4,$CS4,$DK4,$EC4,$EU4,$FM4,$GE4,$GW4,$HO4,$IG4,$IY4,$JQ4,$KI4,$LA4,$LS4,$MK4,$NC4,$NU4,$OM4,$PE4,$PW4,$QO4,$RG4,$RY4,$SQ4) -> 0 | UR4: =MAX($H4,$Z4,$AR4,$BJ4,$CB4,$CT4,$DL4,$ED4,$EV4,$FN4,$GF4,$GX4,$HP4,$IH4,$IZ4,$JR4,$KJ4,$LB4,$LT4,$ML4,$ND4,$NV4,$ON4,$PF4,$PX4,$QP4,$RH4,$RZ4,$SR4) -> 0 | US4: =MAX($I4,$AA4,$AS4,$BK4,$CC4,$CU4,$DM4,$EE4,$EW4,$FO4,$GG4,$GY4,$HQ4,$II4,$JA4,$JS4,$KK4,$LC4,$LU4,$MM4,$NE4,$NW4,$OO4,$PG4,$PY4,$QQ4,$RI4,$SA4,$SS4) -> 0 | UT4: =MAX($J4,$AB4,$AT4,$BL4,$CD4,$CV4,$DN4,$EF4,$EX4,$FP4,$GH4,$GZ4,$HR4,$IJ4,$JB4,$JT4,$KL4,$LD4,$LV4,$MN4,$NF4,$NX4,$OP4,$PH4,$PZ4,$QR4,$RJ4,$SB4,$ST4) -> 0 | UU4: =MAX($K4,$AC4,$AU4,$BM4,$CE4,$CW4,$DO4,$EG4,$EY4,$FQ4,$GI4,$HA4,$HS4,$IK4,$JC4,$JU4,$KM4,$LE4,$LW4,$MO4,$NG4,$NY4,$OQ4,$PI4,$QA4,$QS4,$RK4,$SC4,$SU4) -> 0 | UV4: =MAX($L4,$AD4,$AV4,$BN4,$CF4,$CX4,$DP4,$EH4,$EZ4,$FR4,$GJ4,$HB4,$HT4,$IL4,$JD4,$JV4,$KN4,$LF4,$LX4,$MP4,$NH4,$NZ4,$OR4,$PJ4,$QB4,$QT4,$RL4,$SD4,$SV4) -> 0 | UW4: =MAX($M4,$AE4,$AW4,$BO4,$CG4,$CY4,$DQ4,$EI4,$FA4,$FS4,$GK4,$HC4,$HU4,$IM4,$JE4,$JW4,$KO4,$LG4,$LY4,$MQ4,$NI4,$OA4,$OS4,$PK4,$QC4,$QU4,$RM4,$SE4,$SW4) -> 0 | UX4: =MAX($N4,$AF4,$AX4,$BP4,$CH4,$CZ4,$DR4,$EJ4,$FB4,$FT4,$GL4,$HD4,$HV4,$IN4,$JF4,$JX4,$KP4,$LH4,$LZ4,$MR4,$NJ4,$OB4,$OT4,$PL4,$QD4,$QV4,$RN4,$SF4,$SX4) -> 0 | UY4: =MAX($O4,$AG4,$AY4,$BQ4,$CI4,$DA4,$DS4,$EK4,$FC4,$FU4,$GM4,$HE4,$HW4,$IO4,$JG4,$JY4,$KQ4,$LI4,$MA4,$MS4,$NK4,$OC4,$OU4,$PM4,$QE4,$QW4,$RO4,$SG4,$SY4) -> 0 | UZ4: =MAX($Q4,$AI4,$BA4,$BS4,$CK4,$DC4,$DU4,$EM4,$FE4,$FW4,$GO4,$HG4,$HY4,$IQ4,$JI4,$KA4,$KS4,$LK4,$MC4,$MU4,$NM4,$OE4,$OW4,$PO4,$QG4,$QY4,$RQ4,$SI4,$TA4) -> 0 | VA4: =MAX($R4,$AJ4,$BB4,$BT4,$CL4,$DD4,$DV4,$EN4,$FF4,$FX4,$GP4,$HH4,$HZ4,$IR4,$JJ4,$KB4,$KT4,$LL4,$MD4,$MV4,$NN4,$OF4,$OX4,$PP4,$QH4,$QZ4,$RR4,$SJ4,$TB4) -> 0 | VB4: =MAX($S4,$AK4,$BC4,$BU4,$CM4,$DE4,$DW4,$EO4,$FG4,$FY4,$GQ4,$HI4,$IA4,$IS4,$JK4,$KC4,$KU4,$LM4,$ME4,$MW4,$NO4,$OG4,$OY4,$PQ4,$QI4,$RA4,$RS4,$SK4,$TC4) -> 0
A5: ./bsp-0030 | G5: 0 | I5: 150 | J5: 0 | L5: 0.95 | P5: SATISFIABLE | Q5: 0.95 | R5: 0 | AQ5: 0 | AS5: 1611 | AT5: 0 | AV5: 24.47 | AZ5: SATISFIABLE | BA5: 24.47 | BB5: 0 | BD5: 5206 | BE5: 30 | BF5: 0.465 | BG5: 0 | BH5: 219778 | BI5: 0 | BJ5: 0.465 | BK5: 39 | BL5: 0 | BM5: 1 | BN5: 0.6 | BO5: 0 | BP5: 249100 | BQ5: 0 | BR5: SATISFIABLE | BS5: 0.6 | BT5: 0 | BU5: 1922 | BV5: 1489 | BW5: 28 | BX5: 0.047 | BY5: 0 | BZ5: 1110 | CA5: 0 | CB5: 0.047 | CC5: 0 | CD5: 0 | CE5: 1 | CF5: 0.07 | CG5: 0 | CH5: 29478 | CI5: 0 | CJ5: SATISFIABLE | CK5: 0.07 | CL5: 0 | CM5: 989 | CN5: 6598 | CO5: 7181 | CP5: 0.588 | CQ5: 6262 | CR5: 219846 | CS5: 0 | CT5: 0.428 | CU5: 38 | CV5: 0 | CW5: 1 | CX5: 0.62 | CY5: 39 | CZ5: 250550 | DA5: 0.16 | DB5: SATISFIABLE | DC5: 0.62 | DD5: 0 | DE5: 1926 | DF5: 2881 | DG5: 19 | DH5: 0.036 | DI5: 3 | DJ5: 3948 | DK5: 0 | DL5: 0.036 | DM5: 0 | DN5: 0 | DO5: 1 | DP5: 0.06 | DQ5: 0 | DR5: 30898 | DS5: 0 | DT5: SATISFIABLE | DU5: 0.06 | DV5: 0 | DW5: 1917 | DX5: 6598 | DY5: 3024 | DZ5: 0.59 | EA5: 2539 | EB5: 303726 | EC5: 0 | ED5: 0.47 | EE5: 47 | EF5: 0 | EG5: 1 | EH5: 0.63 | EI5: 20 | EJ5: 250550 | EK5: 0.12 | EL5: SATISFIABLE | EM5: 0.63 | EN5: 0 | EO5: 29886 | EP5: 2881 | EQ5: 20 | ER5: 0.083 | ES5: 2 | ET5: 87648 | EU5: 0 | EV5: 0.083 | EW5: 10 | EX5: 0 | EY5: 1 | EZ5: 0.17 | FA5: 0 | FB5: 30898 | FC5: 0 | FD5: SATISFIABLE | FE5: 0.17 | FF5: 0 | FG5: 29817 | FH5: 3810 | FI5: 4708 | FJ5: 0.482 | FK5: 4020 | FL5: 219656 | FM5: 0 | FN5: 0.382 | FO5: 36 | FP5: 0 | FQ5: 1 | FR5: 0.51 | FS5: 29 | FT5: 219686 | FU5: 0.1 | FV5: SATISFIABLE | FW5: 0.51 | FX5: 0 | FY5: 1890 | FZ5: 93 | GA5: 10 | GB5: 0.001 | GC5: 0 | GD5: 2 | GE5: 0 | GF5: 0.001 | GG5: 0 | GH5: 0 | GI5: 1 | GJ5: 0.04 | GK5: 0 | GL5: 94 | GM5: 0 | GN5: SATISFIABLE | GO5: 0.04 | GP5: 0 | GQ5: 31 | GR5: 3812 | GS5: 30 | GT5: 0.389 | GU5: 0 | GV5: 219656 | GW5: 0 | GX5: 0.389 | GY5: 36 | GZ5: 0 | HA5: 1 | HB5: 0.42 | HC5: 0 | HD5: 219688 | HE5: 0 | HF5: SATISFIABLE | HG5: 0.42 | HH5: 0 | HI5: 1890 | HJ5: 34560 | HK5: 8452 | HL5: 7.865 | HM5: 7405 | HN5: 303666 | HO5: 0 | HP5: 0.535 | HQ5: 68 | HR5: 0 | HS5: 1 | HT5: 7.92 | HU5: 45 | HV5: 250552 | HW5: 7.33 | HX5: SATISFIABLE | HY5: 7.92 | HZ5: 0 | IA5: 29856 | IB5: 95 | IC5: 28 | ID5: 0.001 | IE5: 0 | IF5: 2 | IG5: 0 | IH5: 0.001 | II5: 0 | IJ5: 0 | IK5: 1 | IL5: 0.03 | IM5: 0 | IN5: 96 | IO5: 0 | IP5: SATISFIABLE | IQ5: 0.03 | IR5: 0 | IS5: 31 | IT5: 3812 | IU5: 4708 | IV5: 0.538 | IW5: 4020 | IX5: 219656 | IY5: 0 | IZ5: 0.388 | JA5: 36 | JB5: 0 | JC5: 1 | JD5: 0.57 | JE5: 29 | JF5: 219688 | JG5: 0.15 | JH5: SATISFIABLE | JI5: 0.57 | JJ5: 0 | JK5: 1890 | JL5: 95 | JM5: 10 | JN5: 0.001 | JO5: 0 | JP5: 2 | JQ5: 0 | JR5: 0.001 | JS5: 0 | JT5: 0 | JU5: 1 | JV5: 0.03 | JW5: 0 | JX5: 96 | JY5: 0 | JZ5: SATISFIABLE | KA5: 0.03 | KB5: 0 | KC5: 31 | KD5: 5206 | KE5: 30 | KF5: 0.446 | KG5: 0 | KH5: 219778 | KI5: 0 | KJ5: 0.446 | KK5: 40 | KL5: 0 | KM5: 1 | KN5: 0.49 | KO5: 0 | KP5: 249100 | KQ5: 0 | KR5: SATISFIABLE | KS5: 0.49 | KT5: 0 | KU5: 1922 | KV5: 1489 | KW5: 28 | KX5: 0.067 | KY5: 0 | KZ5: 1110 | LA5: 0 | LB5: 0.067 | LC5: 6 | LD5: 0 | LE5: 1 | LF5: 0.19 | LG5: 0 | LH5: 29478 | LI5: 0 | LJ5: SATISFIABLE | LK5: 0.19 | LL5: 0 | LM5: 989 | LN5: 6598 | LO5: 7181 | LP5: 0.586 | LQ5: 6262 | LR5: 219846 | LS5: 0 | LT5: 0.436 | LU5: 38 | LV5: 0 | LW5: 1 | LX5: 0.62 | LY5: 39 | LZ5: 250550 | MA5: 0.15 | MB5: SATISFIABLE | MC5: 0.62 | MD5: 0 | ME5: 1926 | MF5: 2881 | MG5: 19 | MH5: 0.038 | MI5: 3 | MJ5: 3948 | MK5: 0 | ML5: 0.038 | MM5: 0 | MN5: 0 | MO5: 1 | MP5: 0.07 | MQ5: 0 | MR5: 30898 | MS5: 0 | MT5: SATISFIABLE | MU5: 0.07 | MV5: 0 | MW5: 1917 | MX5: 6598 | MY5: 3024 | MZ5: 0.578 | NA5: 2539 | NB5: 303726 | NC5: 0 | ND5: 0.458 | NE5: 48 | NF5: 0 | NG5: 1 | NH5: 0.62 | NI5: 20 | NJ5: 250550 | NK5: 0.12 | NL5: SATISFIABLE | NM5: 0.62 | NN5: 0 | NO5: 29886 | NP5: 2881 | NQ5: 20 | NR5: 0.063 | NS5: 2 | NT5: 87648 | NU5: 0 | NV5: 0.063 | NW5: 0 | NX5: 0 | NY5: 1 | NZ5: 0.09 | OA5: 0 | OB5: 30898 | OC5: 0 | OD5: SATISFIABLE | OE5: 0.09 | OF5: 0 | OG5: 29817 | OH5: 3810 | OI5: 4708 | OJ5: 0.476 | OK5: 4020 | OL5: 219656 | OM5: 0 | ON5: 0.376 | OO5: 37 | OP5: 0 | OQ5: 1 | OR5: 0.51 | OS5: 29 | OT5: 219686 | OU5: 0.1 | OV5: SATISFIABLE | OW5: 0.51 | OX5: 0 | OY5: 1890 | OZ5: 93 | PA5: 10 | PB5: 0.001 | PC5: 0 | PD5: 2 | PE5: 0 | PF5: 0.001 | PG5: 0 | PH5: 0 | PI5: 1 | PJ5: 0.04 | PK5: 0 | PL5: 94 | PM5: 0 | PN5: SATISFIABLE | PO5: 0.04 | PP5: 0 | PQ5: 31 | PR5: 3813 | PS5: 30 | PT5: 0.524 | PU5: 0 | PV5: 219656 | PW5: 0 | PX5: 0.514 | PY5: 43 | PZ5: 0 | QA5: 1 | QB5: 0.64 | QC5: 0 | QD5: 219689 | QE5: 0.01 | QF5: SATISFIABLE | QG5: 0.64 | QH5: 0 | QI5: 1890 | QJ5: 34561 | QK5: 8452 | QL5: 5.696 | QM5: 7405 | QN5: 303666 | QO5: 0 | QP5: 1.286 | QQ5: 70 | QR5: 0 | QS5: 1 | QT5: 5.76 | QU5: 45 | QV5: 250553 | QW5: 4.41 | QX5: SATISFIABLE | QY5: 5.76 | QZ5: 0 | RA5: 29856 | RB5: 96 | RC5: 28 | RD5: 0.021 | RE5: 0 | RF5: 2 | RG5: 0 | RH5: 0.021 | RI5: 0 | RJ5: 0 | RK5: 1 | RL5: 0.05 | RM5: 0 | RN5: 97 | RO5: 0 | RP5: SATISFIABLE | RQ5: 0.05 | RR5: 0 | RS5: 31 | RT5: 3813 | RU5: 4708 | RV5: 0.663 | RW5: 4020 | RX5: 219656 | RY5: 0 | RZ5: 0.423 | SA5: 41 | SB5: 0 | SC5: 1 | SD5: 0.71 | SE5: 29 | SF5: 219689 | SG5: 0.24 | SH5: SATISFIABLE | SI5: 0.71 | SJ5: 0 | SK5: 1890 | SL5: 96 | SM5: 10 | SN5: 0.019 | SO5: 0 | SP5: 2 | SQ5: 0 | SR5: 0.019 | SS5: 0 | ST5: 0 | SU5: 1 | SV5: 0.05 | SW5: 0 | SX5: 97 | SY5: 0 | SZ5: SATISFIABLE | TA5: 0.05 | TB5: 0 | TC5: 31 | TD5: =MIN($B5,$T5,$AL5,$BD5,$BV5,$CN5,$DF5,$DX5,$EP5,$FH5,$FZ5,$GR5,$HJ5,$IB5,$IT5,$JL5,$KD5,$KV5,$LN5,$MF5,$MX5,$NP5,$OH5,$OZ5,$PR5,$QJ5,$RB5,$RT5,$SL5) -> 0 | TE5: =MIN($C5,$U5,$AM5,$BE5,$BW5,$CO5,$DG5,$DY5,$EQ5,$FI5,$GA5,$GS5,$HK5,$IC5,$IU5,$JM5,$KE5,$KW5,$LO5,$MG5,$MY5,$NQ5,$OI5,$PA5,$PS5,$QK5,$RC5,$RU5,$SM5) -> 0 | TF5: =MIN($D5,$V5,$AN5,$BF5,$BX5,$CP5,$DH5,$DZ5,$ER5,$FJ5,$GB5,$GT5,$HL5,$ID5,$IV5,$JN5,$KF5,$KX5,$LP5,$MH5,$MZ5,$NR5,$OJ5,$PB5,$PT5,$QL5,$RD5,$RV5,$SN5) -> 0 | TG5: =MIN($E5,$W5,$AO5,$BG5,$BY5,$CQ5,$DI5,$EA5,$ES5,$FK5,$GC5,$GU5,$HM5,$IE5,$IW5,$JO5,$KG5,$KY5,$LQ5,$MI5,$NA5,$NS5,$OK5,$PC5,$PU5,$QM5,$RE5,$RW5,$SO5) -> 0 | TH5: =MIN($F5,$X5,$AP5,$BH5,$BZ5,$CR5,$DJ5,$EB5,$ET5,$FL5,$GD5,$GV5,$HN5,$IF5,$IX5,$JP5,$KH5,$KZ5,$LR5,$MJ5,$NB5,$NT5,$OL5,$PD5,$PV5,$QN5,$RF5,$RX5,$SP5) -> 0 | TI5: =MIN($G5,$Y5,$AQ5,$BI5,$CA5,$CS5,$DK5,$EC5,$EU5,$FM5,$GE5,$GW5,$HO5,$IG5,$IY5,$JQ5,$KI5,$LA5,$LS5,$MK5,$NC5,$NU5,$OM5,$PE5,$PW5,$QO5,$RG5,$RY5,$SQ5) -> 0 | TJ5: =MIN($H5,$Z5,$AR5,$BJ5,$CB5,$CT5,$DL5,$ED5,$EV5,$FN5,$GF5,$GX5,$HP5,$IH5,$IZ5,$JR5,$KJ5,$LB5,$LT5,$ML5,$ND5,$NV5,$ON5,$PF5,$PX5,$QP5,$RH5,$RZ5,$SR5) -> 0 | TK5: =MIN($I5,$AA5,$AS5,$BK5,$CC5,$CU5,$DM5,$EE5,$EW5,$FO5,$GG5,$GY5,$HQ5,$II5,$JA5,$JS5,$KK5,$LC5,$LU5,$MM5,$NE5,$NW5,$OO5,$PG5,$PY5,$QQ5,$RI5,$SA5,$SS5) -> 0 | TL5: =MIN($J5,$AB5,$AT5,$BL5,$CD5,$CV5,$DN5,$EF5,$EX5,$FP5,$GH5,$GZ5,$HR5,$IJ5,$JB5,$JT5,$KL5,$LD5,$LV5,$MN5,$NF5,$NX5,$OP5,$PH5,$PZ5,$QR5,$RJ5,$SB5,$ST5) -> 0 | TM5: =MIN($K5,$AC5,$AU5,$BM5,$CE5,$CW5,$DO5,$EG5,$EY5,$FQ5,$GI5,$HA5,$HS5,$IK5,$JC5,$JU5,$KM5,$LE5,$LW5,$MO5,$NG5,$NY5,$OQ5,$PI5,$QA5,$QS5,$RK5,$SC5,$SU5) -> 0 | TN5: =MIN($L5,$AD5,$AV5,$BN5,$CF5,$CX5,$DP5,$EH5,$EZ5,$FR5,$GJ5,$HB5,$HT5,$IL5,$JD5,$JV5,$KN5,$LF5,$LX5,$MP5,$NH5,$NZ5,$OR5,$PJ5,$QB5,$QT5,$RL5,$SD5,$SV5) -> 0 | TO5: =MIN($M5,$AE5,$AW5,$BO5,$CG5,$CY5,$DQ5,$EI5,$FA5,$FS5,$GK5,$HC5,$HU5,$IM5,$JE5,$JW5,$KO5,$LG5,$LY5,$MQ5,$NI5,$OA5,$OS5,$PK5,$QC5,$QU5,$RM5,$SE5,$SW5) -> 0 | TP5: =MIN($N5,$AF5,$AX5,$BP5,$CH5,$CZ5,$DR5,$EJ5,$FB5,$FT5,$GL5,$HD5,$HV5,$IN5,$JF5,$JX5,$KP5,$LH5,$LZ5,$MR5,$NJ5,$OB5,$OT5,$PL5,$QD5,$QV5,$RN5,$SF5,$SX5) -> 0 | TQ5: =MIN($O5,$AG5,$AY5,$BQ5,$CI5,$DA5,$DS5,$EK5,$FC5,$FU5,$GM5,$HE5,$HW5,$IO5,$JG5,$JY5,$KQ5,$LI5,$MA5,$MS5,$NK5,$OC5,$OU5,$PM5,$QE5,$QW5,$RO5,$SG5,$SY5) -> 0 | TR5: =MIN($Q5,$AI5,$BA5,$BS5,$CK5,$DC5,$DU5,$EM5,$FE5,$FW5,$GO5,$HG5,$HY5,$IQ5,$JI5,$KA5,$KS5,$LK5,$MC5,$MU5,$NM5,$OE5,$OW5,$PO5,$QG5,$QY5,$RQ5,$SI5,$TA5) -> 0 | TS5: =MIN($R5,$AJ5,$BB5,$BT5,$CL5,$DD5,$DV5,$EN5,$FF5,$FX5,$GP5,$HH5,$HZ5,$IR5,$JJ5,$KB5,$KT5,$LL5,$MD5,$MV5,$NN5,$OF5,$OX5,$PP5,$QH5,$QZ5,$RR5,$SJ5,$TB5) -> 0 | TT5: =MIN($S5,$AK5,$BC5,$BU5,$CM5,$DE5,$DW5,$EO5,$FG5,$FY5,$GQ5,$HI5,$IA5,$IS5,$JK5,$KC5,$KU5,$LM5,$ME5,$MW5,$NO5,$OG5,$OY5,$PQ5,$QI5,$RA5,$RS5,$SK5,$TC5) -> 0 | TU5: =MEDIAN($B5,$T5,$AL5,$BD5,$BV5,$CN5,$DF5,$DX5,$EP5,$FH5,$FZ5,$GR5,$HJ5,$IB5,$IT5,$JL5,$KD5,$KV5,$LN5,$MF5,$MX5,$NP5,$OH5,$OZ5,$PR5,$QJ5,$RB5,$RT5,$SL5) -> 0 | TV5: =MEDIAN($C5,$U5,$AM5,$BE5,$BW5,$CO5,$DG5,$DY5,$EQ5,$FI5,$GA5,$GS5,$HK5,$IC5,$IU5,$JM5,$KE5,$KW5,$LO5,$MG5,$MY5,$NQ5,$OI5,$PA5,$PS5,$QK5,$RC5,$RU5,$SM5) -> 0 | TW5: =MEDIAN($D5,$V5,$AN5,$BF5,$BX5,$CP5,$DH5,$DZ5,$ER5,$FJ5,$GB5,$GT5,$HL5,$ID5,$IV5,$JN5,$KF5,$KX5,$LP5,$MH5,$MZ5,$NR5,$OJ5,$PB5,$PT5,$QL5,$RD5,$RV5,$SN5) -> 0 | TX5: =MEDIAN($E5,$W5,$AO5,$BG5,$BY5,$CQ5,$DI5,$EA5,$ES5,$FK5,$GC5,$GU5,$HM5,$IE5,$IW5,$JO5,$KG5,$KY5,$LQ5,$MI5,$NA5,$NS5,$OK5,$PC5,$PU5,$QM5,$RE5,$RW5,$SO5) -> 0 | TY5: =MEDIAN($F5,$X5,$AP5,$BH5,$BZ5,$CR5,$DJ5,$EB5,$ET5,$FL5,$GD5,$GV5,$HN5,$IF5,$IX5,$JP5,$KH5,$KZ5,$LR5,$MJ5,$NB5,$NT5,$OL5,$PD5,$PV5,$QN5,$RF5,$RX5,$SP5) -> 0 | TZ5: =MEDIAN($G5,$Y5,$AQ5,$BI5,$CA5,$CS5,$DK5,$EC5,$EU5,$FM5,$GE5,$GW5,$HO5,$IG5,$IY5,$JQ5,$KI5,$LA5,$LS5,$MK5,$NC5,$NU5,$OM5,$PE5,$PW5,$QO5,$RG5,$RY5,$SQ5) -> 0 | UA5: =MEDIAN($H5,$Z5,$AR5,$BJ5,$CB5,$CT5,$DL5,$ED5,$EV5,$FN5,$GF5,$GX5,$HP5,$IH5,$IZ5,$JR5,$KJ5,$LB5,$LT5,$ML5,$ND5,$NV5,$ON5,$PF5,$PX5,$QP5,$RH5,$RZ5,$SR5) -> 0 | UB5: =MEDIAN($I5,$AA5,$AS5,$BK5,$CC5,$CU5,$DM5,$EE5,$EW5,$FO5,$GG5,$GY5,$HQ5,$II5,$JA5,$JS5,$KK5,$LC5,$LU5,$MM5,$NE5,$NW5,$OO5,$PG5,$PY5,$QQ5,$RI5,$SA5,$SS5) -> 0 | UC5: =MEDIAN($J5,$AB5,$AT5,$BL5,$CD5,$CV5,$DN5,$EF5,$EX5,$FP5,$GH5,$GZ5,$HR5,$IJ5,$JB5,$JT5,$KL5,$LD5,$LV5,$MN5,$NF5,$NX5,$OP5,$PH5,$PZ5,$QR5,$RJ5,$SB5,$ST5) -> 0 | UD5: =MEDIAN($K5,$AC5,$AU5,$BM5,$CE5,$CW5,$DO5,$EG5,$EY5,$FQ5,$GI5,$HA5,$HS5,$IK5,$JC5,$JU5,$KM5,$LE5,$LW5,$MO5,$NG5,$NY5,$OQ5,$PI5,$QA5,$QS5,$RK5,$SC5,$SU5) -> 0 | UE5: =MEDIAN($L5,$AD5,$AV5,$BN5,$CF5,$CX5,$DP5,$EH5,$EZ5,$FR5,$GJ5,$HB5,$HT5,$IL5,$JD5,$JV5,$KN5,$LF5,$LX5,$MP5,$NH5,$NZ5,$OR5,$PJ5,$QB5,$QT5,$RL5,$SD5,$SV5) -> 0 | UF5: =MEDIAN($M5,$AE5,$AW5,$BO5,$CG5,$CY5,$DQ5,$EI5,$FA5,$FS5,$GK5,$HC5,$HU5,$IM5,$JE5,$JW5,$KO5,$LG5,$LY5,$MQ5,$NI5,$OA5,$OS5,$PK5,$QC5,$QU5,$RM5,$SE5,$SW5) -> 0 | UG5: =MEDIAN($N5,$AF5,$AX5,$BP5,$CH5,$CZ5,$DR5,$EJ5,$FB5,$FT5,$GL5,$HD5,$HV5,$IN5,$JF5,$JX5,$KP5,$LH5,$LZ5,$MR5,$NJ5,$OB5,$OT5,$PL5,$QD5,$QV5,$RN5,$SF5,$SX5) -> 0 | UH5: =MEDIAN($O5,$AG5,$AY5,$BQ5,$CI5,$DA5,$DS5,$EK5,$FC5,$FU5,$GM5,$HE5,$HW5,$IO5,$JG5,$JY5,$KQ5,$LI5,$MA5,$MS5,$NK5,$OC5,$OU5,$PM5,$QE5,$QW5,$RO5,$SG5,$SY5) -> 0 | UI5: =MEDIAN($Q5,$AI5,$BA5,$BS5,$CK5,$DC5,$DU5,$EM5,$FE5,$FW5,$GO5,$HG5,$HY5,$IQ5,$JI5,$KA5,$KS5,$LK5,$MC5,$MU5,$NM5,$OE5,$OW5,$PO5,$QG5,$QY5,$RQ5,$SI5,$TA5) -> 0 | UJ5: =MEDIAN($R5,$AJ5,$BB5,$BT5,$CL5,$DD5,$DV5,$EN5,$FF5,$FX5,$GP5,$HH5,$HZ5,$IR5,$JJ5,$KB5,$KT5,$LL5,$MD5,$MV5,$NN5,$OF5,$OX5,$PP5,$QH5,$QZ5,$RR5,$SJ5,$TB5) -> 0 | UK5: =MEDIAN($S5,$AK5,$BC5,$BU5,$CM5,$DE5,$DW5,$EO5,$FG5,$FY5,$GQ5,$HI5,$IA5,$IS5,$JK5,$KC5,$KU5,$LM5,$ME5,$MW5,$NO5,$OG5,$OY5,$PQ5,$QI5,$RA5,$RS5,$SK5,$TC5) -> 0 | UL5: =MAX($B5,$T5,$AL5,$BD5,$BV5,$CN5,$DF5,$DX5,$EP5,$FH5,$FZ5,$GR5,$HJ5,$IB5,$IT5,$JL5,$KD5,$KV5,$LN5,$MF5,$MX5,$NP5,$OH5,$OZ5,$PR5,$QJ5,$RB5,$RT5,$SL5) -> 0 | UM5: =MAX($C5,$U5,$AM5,$BE5,$BW5,$CO5,$DG5,$DY5,$EQ5,$FI5,$GA5,$GS5,$HK5,$IC5,$IU5,$JM5,$KE5,$KW5,$LO5,$MG5,$MY5,$NQ5,$OI5,$PA5,$PS5,$QK5,$RC5,$RU5,$SM5) -> 0 | UN5: =MAX($D5,$V5,$AN5,$BF5,$BX5,$CP5,$DH5,$DZ5,$ER5,$FJ5,$GB5,$GT5,$HL5,$ID5,$IV5,$JN5,$KF5,$KX5,$LP5,$MH5,$MZ5,$NR5,$OJ5,$PB5,$PT5,$QL5,$RD5,$RV5,$SN5) -> 0 | UO5: =MAX($E5,$W5,$AO5,$BG5,$BY5,$CQ5,$DI5,$EA5,$ES5,$FK5,$GC5,$GU5,$HM5,$IE5,$IW5,$JO5,$KG5,$KY5,$LQ5,$MI5,$NA5,$NS5,$OK5,$PC5,$PU5,$QM5,$RE5,$RW5,$SO5) -> 0 | UP5: =MAX($F5,$X5,$AP5,$BH5,$BZ5,$CR5,$DJ5,$EB5,$ET5,$FL5,$GD5,$GV5,$HN5,$IF5,$IX5,$JP5,$KH5,$KZ5,$LR5,$MJ5,$NB5,$NT5,$OL5,$PD5,$PV5,$QN5,$RF5,$RX5,$SP5) -> 0 | UQ5: =MAX($G5,$Y5,$AQ5,$BI5,$CA5,$CS5,$DK5,$EC5,$EU5,$FM5,$GE5,$GW5,$HO5,$IG5,$IY5,$JQ5,$KI5,$LA5,$LS5,$MK5,$NC5,$NU5,$OM5,$PE5,$PW5,$QO5,$RG5,$RY5,$SQ5) -> 0 | UR5: =MAX($H5,$Z5,$AR5,$BJ5,$CB5,$CT5,$DL5,$ED5,$EV5,$FN5,$GF5,$GX5,$HP5,$IH5,$IZ5,$JR5,$KJ5,$LB5,$LT5,$ML5,$ND5,$NV5,$ON5,$PF5,$PX5,$QP5,$RH5,$RZ5,$SR5) -> 0 | US5: =MAX($I5,$AA5,$AS5,$BK5,$CC5,$CU5,$DM5,$EE5,$EW5,$FO5,$GG5,$GY5,$HQ5,$II5,$JA5,$JS5,$KK5,$LC5,$LU5,$MM5,$NE5,$NW5,$OO5,$PG5,$PY5,$QQ5,$RI5,$SA5,$SS5) -> 0 | UT5: =MAX($J5,$AB5,$AT5,$BL5,$CD5,$CV5,$DN5,$EF5,$EX5,$FP5,$GH5,$GZ5,$HR5,$IJ5,$JB5,$JT5,$KL5,$LD5,$LV5,$MN5,$NF5,$NX5,$OP5,$PH5,$PZ5,$QR5,$RJ5,$SB5,$ST5) -> 0 | UU5: =MAX($K5,$AC5,$AU5,$BM5,$CE5,$CW5,$DO5,$EG5,$EY5,$FQ5,$GI5,$HA5,$HS5,$IK5,$JC5,$JU5,$KM5,$LE5,$LW5,$MO5,$NG5,$NY5,$OQ5,$PI5,$QA5,$QS5,$RK5,$SC5,$SU5) -> 0 | UV5: =MAX($L5,$AD5,$AV5,$BN5,$CF5,$CX5,$DP5,$EH5,$EZ5,$FR5,$GJ5,$HB5,$HT5,$IL5,$JD5,$JV5,$KN5,$LF5,$LX5,$MP5,$NH5,$NZ5,$OR5,$PJ5,$QB5,$QT5,$RL5,$SD5,$SV5) -> 0 | UW5: =MAX($M5,$AE5,$AW5,$BO5,$CG5,$CY5,$DQ5,$EI5,$FA5,$FS5,$GK5,$HC5,$HU5,$IM5,$JE5,$JW5,$KO5,$LG5,$LY5,$MQ5,$NI5,$OA5,$OS5,$PK5,$QC5,$QU5,$RM5,$SE5,$SW5) -> 0 | UX5: =MAX($N5,$AF5,$AX5,$BP5,$CH5,$CZ5,$DR5,$EJ5,$FB5,$FT5,$GL5,$HD5,$HV5,$IN5,$JF5,$JX5,$KP5,$LH5,$LZ5,$MR5,$NJ5,$OB5,$OT5,$PL5,$QD5,$QV5,$RN5,$SF5,$SX5) -> 0 | UY5: =MAX($O5,$AG5,$AY5,$BQ5,$CI5,$DA5,$DS5,$EK5,$FC5,$FU5,$GM5,$HE5,$HW5,$IO5,$JG5,$JY5,$KQ5,$LI5,$MA5,$MS5,$NK5,$OC5,$OU5,$PM5,$QE5,$QW5,$RO5,$SG5,$SY5) -> 0 | UZ5: =MAX($Q5,$AI5,$BA5,$BS5,$CK5,$DC5,$DU5,$EM5,$FE5,$FW5,$GO5,$HG5,$HY5,$IQ5,$JI5,$KA5,$KS5,$LK5,$MC5,$MU5,$NM5,$OE5,$OW5,$PO5,$QG5,$QY5,$RQ5,$SI5,$TA5) -> 0 | VA5: =MAX($R5,$AJ5,$BB5,$BT5,$CL5,$DD5,$DV5,$EN5,$FF5,$FX5,$GP5,$HH5,$HZ5,$IR5,$JJ5,$KB5,$KT5,$LL5,$MD5,$MV5,$NN5,$OF5,$OX5,$PP5,$QH5,$QZ5,$RR5,$SJ5,$TB5) -> 0 | VB5: =MAX($S5,$AK5,$BC5,$BU5,$CM5,$DE5,$DW5,$EO5,$FG5,$FY5,$GQ5,$HI5,$IA5,$IS5,$JK5,$KC5,$KU5,$LM5,$ME5,$MW5,$NO5,$OG5,$OY5,$PQ5,$QI5,$RA5,$RS5,$SK5,$TC5) -> 0
A6: ./bsp-0040 | G6: 0 | I6: 155 | J6: 0 | L6: 1.02 | P6: SATISFIABLE | Q6: 1.02 | R6: 0 | AQ6: 0 | AS6: 1250 | AT6: 0 | AV6: 30.54 | AZ6: SATISFIABLE | BA6: 30.54 | BB6: 0 | BD6: 9141 | BE6: 40 | BF6: 1.564 | BG6: 0 | BH6: 678538 | BI6: 0 | BJ6: 1.564 | BK6: 101 | BL6: 0 | BM6: 1 | BN6: 1.6 | BO6: 0 | BP6: 746635 | BQ6: 0 | BR6: SATISFIABLE | BS6: 1.6 | BT6: 0 | BU6: 3362 | BV6: 2584 | BW6: 33 | BX6: 0.133 | BY6: 0 | BZ6: 1880 | CA6: 0 | CB6: 0.133 | CC6: 15 | CD6: 0 | CE6: 1 | CF6: 0.25 | CG6: 0 | CH6: 68303 | CI6: 0 | CJ6: SATISFIABLE | CK6: 0.25 | CL6: 0 | CM6: 1719 | CN6: 11598 | CO6: 8336 | CP6: 1.804 | CQ6: 6820 | CR6: 678626 | CS6: 0 | CT6: 1.524 | CU6: 94 | CV6: 0 | CW6: 1 | CX6: 1.83 | CY6: 45 | CZ6: 749170 | DA6: 0.28 | DB6: SATISFIABLE | DC6: 1.83 | DD6: 0 | DE6: 3366 | DF6: 5041 | DG6: 12 | DH6: 0.089 | DI6: 0 | DJ6: 6867 | DK6: 0 | DL6: 0.089 | DM6: 18 | DN6: 0 | DO6: 1 | DP6: 0.11 | DQ6: 0 | DR6: 70798 | DS6: 0 | DT6: SATISFIABLE | DU6: 0.11 | DV6: 0 | DW6: 3356 | DX6: 11598 | DY6: 4628 | DZ6: 1.996 | EA6: 3635 | EB6: 875666 | EC6: 0 | ED6: 1.656 | EE6: 125 | EF6: 0 | EG6: 1 | EH6: 2.04 | EI6: 29 | EJ6: 749170 | EK6: 0.34 | EL6: SATISFIABLE | EM6: 2.04 | EN6: 0 | EO6: 69046 | EP6: 5041 | EQ6: 32 | ER6: 0.168 | ES6: 7 | ET6: 203627 | EU6: 0 | EV6: 0.168 | EW6: 16 | EX6: 0 | EY6: 1 | EZ6: 0.2 | FA6: 0 | FB6: 70798 | FC6: 0 | FD6: SATISFIABLE | FE6: 0.2 | FF6: 0 | FG6: 68956 | FH6: 6680 | FI6: 10253 | FJ6: 1.823 | FK6: 8409 | FL6: 678376 | FM6: 0 | FN6: 1.463 | FO6: 94 | FP6: 0 | FQ6: 1 | FR6: 1.86 | FS6: 55 | FT6: 678416 | FU6: 0.36 | FV6: SATISFIABLE | FW6: 1.86 | FX6: 0 | FY6: 3320 | FZ6: 123 | GA6: 13 | GB6: 0.002 | GC6: 0 | GD6: 2 | GE6: 0 | GF6: 0.002 | GG6: 0 | GH6: 0 | GI6: 1 | GJ6: 0.04 | GK6: 0 | GL6: 124 | GM6: 0 | GN6: SATISFIABLE | GO6: 0.04 | GP6: 0 | GQ6: 41 | GR6: 6682 | GS6: 40 | GT6: 1.472 | GU6: 0 | GV6: 678376 | GW6: 0 | GX6: 1.472 | GY6: 97 | GZ6: 0 | HA6: 1 | HB6: 1.56 | HC6: 0 | HD6: 678418 | HE6: 0 | HF6: SATISFIABLE | HG6: 1.56 | HH6: 0 | HI6: 3320 | HJ6: 77280 | HK6: 4318 | HL6: 13.131 | HM6: 3356 | HN6: 875586 | HO6: 0 | HP6: 1.861 | HQ6: 184 | HR6: 0 | HS6: 1 | HT6: 13.25 | HU6: 28 | HV6: 749172 | HW6: 11.27 | HX6: SATISFIABLE | HY6: 13.25 | HZ6: 0 | IA6: 69006 | IB6: 125 | IC6: 37 | ID6: 0.002 | IE6: 0 | IF6: 2 | IG6: 0 | IH6: 0.002 | II6: 0 | IJ6: 0 | IK6: 1 | IL6: 0.04 | IM6: 0 | IN6: 126 | IO6: 0 | IP6: SATISFIABLE | IQ6: 0.04 | IR6: 0 | IS6: 41 | IT6: 6682 | IU6: 10253 | IV6: 1.996 | IW6: 8409 | IX6: 678376 | IY6: 0 | IZ6: 1.506 | JA6: 92 | JB6: 0 | JC6: 1 | JD6: 2.03 | JE6: 55 | JF6: 678418 | JG6: 0.49 | JH6: SATISFIABLE | JI6: 2.03 | JJ6: 0 | JK6: 3320 | JL6: 125 | JM6: 13 | JN6: 0.003 | JO6: 0 | JP6: 2 | JQ6: 0 | JR6: 0.003 | JS6: 0 | JT6: 0 | JU6: 1 | JV6: 0.05 | JW6: 0 | JX6: 126 | JY6: 0 | JZ6: SATISFIABLE | KA6: 0.05 | KB6: 0 | KC6: 41 | KD6: 9141 | KE6: 40 | KF6: 1.595 | KG6: 0 | KH6: 678538 | KI6: 0 | KJ6: 1.595 | KK6: 99 | KL6: 0 | KM6: 1 | KN6: 1.64 | KO6: 0 | KP6: 746635 | KQ6: 0 | KR6: SATISFIABLE | KS6: 1.64 | KT6: 0 | KU6: 3362 | KV6: 2584 | KW6: 33 | KX6: 0.113 | KY6: 0 | KZ6: 1880 | LA6: 0 | LB6: 0.113 | LC6: 15 | LD6: 0 | LE6: 1 | LF6: 0.14 | LG6: 0 | LH6: 68303 | LI6: 0 | LJ6: SATISFIABLE | LK6: 0.14 | LL6: 0 | LM6: 1719 | LN6: 11598 | LO6: 8336 | LP6: 1.874 | LQ6: 6820 | LR6: 678626 | LS6: 0 | LT6: 1.574 | LU6: 97 | LV6: 0 | LW6: 1 | LX6: 1.91 | LY6: 45 | LZ6: 749170 | MA6: 0.3 | MB6: SATISFIABLE | MC6: 1.91 | MD6: 0 | ME6: 3366 | MF6: 5041 | MG6: 12 | MH6: 0.105 | MI6: 0 | MJ6: 6867 | MK6: 0 | ML6: 0.105 | MM6: 10 | MN6: 0 | MO6: 1 | MP6: 0.4 | MQ6: 0 | MR6: 70798 | MS6: 0 | MT6: SATISFIABLE | MU6: 0.4 | MV6: 0 | MW6: 3356 | MX6: 11598 | MY6: 4628 | MZ6: 2.078 | NA6: 3635 | NB6: 875666 | NC6: 0 | ND6: 1.738 | NE6: 134 | NF6: 0 | NG6: 1 | NH6: 2.12 | NI6: 29 | NJ6: 749170 | NK6: 0.34 | NL6: SATISFIABLE | NM6: 2.12 | NN6: 0 | NO6: 69046 | NP6: 5041 | NQ6: 32 | NR6: 0.162 | NS6: 7 | NT6: 203627 | NU6: 0 | NV6: 0.162 | NW6: 19 | NX6: 0 | NY6: 1 | NZ6: 0.19 | OA6: 0 | OB6: 70798 | OC6: 0 | OD6: SATISFIABLE | OE6: 0.19 | OF6: 0 | OG6: 68956 | OH6: 6680 | OI6: 10253 | OJ6: 1.838 | OK6: 8409 | OL6: 678376 | OM6: 0 | ON6: 1.488 | OO6: 93 | OP6: 0 | OQ6: 1 | OR6: 1.88 | OS6: 55 | OT6: 678416 | OU6: 0.35 | OV6: SATISFIABLE | OW6: 1.88 | OX6: 0 | OY6: 3320 | OZ6: 123 | PA6: 13 | PB6: 0.001 | PC6: 0 | PD6: 2 | PE6: 0 | PF6: 0.001 | PG6: 0 | PH6: 0 | PI6: 1 | PJ6: 0.03 | PK6: 0 | PL6: 124 | PM6: 0 | PN6: SATISFIABLE | PO6: 0.03 | PP6: 0 | PQ6: 41 | PR6: 6683 | PS6: 40 | PT6: 1.558 | PU6: 0 | PV6: 678376 | PW6: 0 | PX6: 1.548 | PY6: 101 | PZ6: 0 | QA6: 1 | QB6: 1.6 | QC6: 0 | QD6: 678419 | QE6: 0.01 | QF6: SATISFIABLE | QG6: 1.6 | QH6: 0 | QI6: 3320 | QJ6: 77281 | QK6: 4318 | QL6: 10.374 | QM6: 3356 | QN6: 875586 | QO6: 0 | QP6: 3.544 | QQ6: 170 | QR6: 0 | QS6: 1 | QT6: 10.51 | QU6: 28 | QV6: 749173 | QW6: 6.83 | QX6: SATISFIABLE | QY6: 10.51 | QZ6: 0 | RA6: 69006 | RB6: 126 | RC6: 37 | RD6: 0.026 | RE6: 0 | RF6: 2 | RG6: 0 | RH6: 0.016 | RI6: 0 | RJ6: 0 | RK6: 1 | RL6: 0.05 | RM6: 0 | RN6: 127 | RO6: 0.01 | RP6: SATISFIABLE | RQ6: 0.05 | RR6: 0 | RS6: 41 | RT6: 6683 | RU6: 10253 | RV6: 2.381 | RW6: 8409 | RX6: 678376 | RY6: 0 | RZ6: 1.701 | SA6: 102 | SB6: 0 | SC6: 1 | SD6: 2.6 | SE6: 55 | SF6: 678419 | SG6: 0.68 | SH6: SATISFIABLE | SI6: 2.6 | SJ6: 0 | SK6: 3320 | SL6: 126 | SM6: 13 | SN6: 0.025 | SO6: 0 | SP6: 2 | SQ6: 0 | SR6: 0.025 | SS6: 0 | ST6: 0 | SU6: 1 | SV6: 0.05 | SW6: 0 | SX6: 127 | SY6: 0 | SZ6: SATISFIABLE | TA6: 0.05 | TB6: 0 | TC6: 41 | TD6: =MIN($B6,$T6,$AL6,$BD6,$BV6,$CN6,$DF6,$DX6,$EP6,$FH6,$FZ6,$GR6,$HJ6,$IB6,$IT6,$JL6,$KD6,$KV6,$LN6,$MF6,$MX6,$NP6,$OH6,$OZ6,$PR6,$QJ6,$RB6,$RT6,$SL6) -> 0 | TE6: =MIN($C6,$U6,$AM6,$BE6,$BW6,$CO6,$DG6,$DY6,$EQ6,$FI6,$GA6,$GS6,$HK6,$IC6,$IU6,$JM6,$KE6,$KW6,$LO6,$MG6,$MY6,$NQ6,$OI6,$PA6,$PS6,$QK6,$RC6,$RU6,$SM6) -> 0 | TF6: =MIN($D6,$V6,$AN6,$BF6,$BX6,$CP6,$DH6,$DZ6,$ER6,$FJ6,$GB6,$GT6,$HL6,$ID6,$IV6,$JN6,$KF6,$KX6,$LP6,$MH6,$MZ6,$NR6,$OJ6,$PB6,$PT6,$QL6,$RD6,$RV6,$SN6) -> 0 | TG6: =MIN($E6,$W6,$AO6,$BG6,$BY6,$CQ6,$DI6,$EA6,$ES6,$FK6,$GC6,$GU6,$HM6,$IE6,$IW6,$JO6,$KG6,$KY6,$LQ6,$MI6,$NA6,$NS6,$OK6,$PC6,$PU6,$QM6,$RE6,$RW6,$SO6) -> 0 | TH6: =MIN($F6,$X6,$AP6,$BH6,$BZ6,$CR6,$DJ6,$EB6,$ET6,$FL6,$GD6,$GV6,$HN6,$IF6,$IX6,$JP6,$KH6,$KZ6,$LR6,$MJ6,$NB6,$NT6,$OL6,$PD6,$PV6,$QN6,$RF6,$RX6,$SP6) -> 0 | TI6: =MIN($G6,$Y6,$AQ6,$BI6,$CA6,$CS6,$DK6,$EC6,$EU6,$FM6,$GE6,$GW6,$HO6,$IG6,$IY6,$JQ6,$KI6,$LA6,$LS6,$MK6,$NC6,$NU6,$OM6,$PE6,$PW6,$QO6,$RG6,$RY6,$SQ6) -> 0 | TJ6: =MIN($H6,$Z6,$AR6,$BJ6,$CB6,$CT6,$DL6,$ED6,$EV6,$FN6,$GF6,$GX6,$HP6,$IH6,$IZ6,$JR6,$KJ6,$LB6,$LT6,$ML6,$ND6,$NV6,$ON6,$PF6,$PX6,$QP6,$RH6,$RZ6,$SR6) -> 0 | TK6: =MIN($I6,$AA6,$AS6,$BK6,$CC6,$CU6,$DM6,$EE6,$EW6,$FO6,$GG6,$GY6,$HQ6,$II6,$JA6,$JS6,$KK6,$LC6,$LU6,$MM6,$NE6,$NW6,$OO6,$PG6,$PY6,$QQ6,$RI6,$SA6,$SS6) -> 0 | TL6: =MIN($J6,$AB6,$AT6,$BL6,$CD6,$CV6,$DN6,$EF6,$EX6,$FP6,$GH6,$GZ6,$HR6,$IJ6,$JB6,$JT6,$KL6,$LD6,$LV6,$MN6,$NF6,$NX6,$OP6,$PH6,$PZ6,$QR6,$RJ6,$SB6,$ST6) -> 0 | TM6: =MIN($K6,$AC6,$AU6,$BM6,$CE6,$CW6,$DO6,$EG6,$EY6,$FQ6,$GI6,$HA6,$HS6,$IK6,$JC6,$JU6,$KM6,$LE6,$LW6,$MO6,$NG6,$NY6,$OQ6,$PI6,$QA6,$QS6,$RK6,$SC6,$SU6) -> 0 | TN6: =MIN($L6,$AD6,$AV6,$BN6,$CF6,$CX6,$DP6,$EH6,$EZ6,$FR6,$GJ6,$HB6,$HT6,$IL6,$JD6,$JV6,$KN6,$LF6,$LX6,$MP6,$NH6,$NZ6,$OR6,$PJ6,$QB6,$QT6,$RL6,$SD6,$SV6) -> 0 | TO6: =MIN($M6,$AE6,$AW6,$BO6,$CG6,$CY6,$DQ6,$EI6,$FA6,$FS6,$GK6,$HC6,$HU6,$IM6,$JE6,$JW6,$KO6,$LG6,$LY6,$MQ6,$NI6,$OA6,$OS6,$PK6,$QC6,$QU6,$RM6,$SE6,$SW6) -> 0 | TP6: =MIN($N6,$AF6,$AX6,$BP6,$CH6,$CZ6,$DR6,$EJ6,$FB6,$FT6,$GL6,$HD6,$HV6,$IN6,$JF6,$JX6,$KP6,$LH6,$LZ6,$MR6,$NJ6,$OB6,$OT6,$PL6,$QD6,$QV6,$RN6,$SF6,$SX6) -> 0 | TQ6: =MIN($O6,$AG6,$AY6,$BQ6,$CI6,$DA6,$DS6,$EK6,$FC6,$FU6,$GM6,$HE6,$HW6,$IO6,$JG6,$JY6,$KQ6,$LI6,$MA6,$MS6,$NK6,$OC6,$OU6,$PM6,$QE6,$QW6,$RO6,$SG6,$SY6) -> 0 | TR6: =MIN($Q6,$AI6,$BA6,$BS6,$CK6,$DC6,$DU6,$EM6,$FE6,$FW6,$GO6,$HG6,$HY6,$IQ6,$JI6,$KA6,$KS6,$LK6,$MC6,$MU6,$NM6,$OE6,$OW6,$PO6,$QG6,$QY6,$RQ6,$SI6,$TA6) -> 0 | TS6: =MIN($R6,$AJ6,$BB6,$BT6,$CL6,$DD6,$DV6,$EN6,$FF6,$FX6,$GP6,$HH6,$HZ6,$IR6,$JJ6,$KB6,$KT6,$LL6,$MD6,$MV6,$NN6,$OF6,$OX6,$PP6,$QH6,$QZ6,$RR6,$SJ6,$TB6) -> 0 | TT6: =MIN($S6,$AK6,$BC6,$BU6,$CM6,$DE6,$DW6,$EO6,$FG6,$FY6,$GQ6,$HI6,$IA6,$IS6,$JK6,$KC6,$KU6,$LM6,$ME6,$MW6,$NO6,$OG6,$OY6,$PQ6,$QI6,$RA6,$RS6,$SK6,$TC6) -> 0 | TU6: =MEDIAN($B6,$T6,$AL6,$BD6,$BV6,$CN6,$DF6,$DX6,$EP6,$FH6,$FZ6,$GR6,$HJ6,$IB6,$IT6,$JL6,$KD6,$KV6,$LN6,$MF6,$MX6,$NP6,$OH6,$OZ6,$PR6,$QJ6,$RB6,$RT6,$SL6) -> 0 | TV6: =MEDIAN($C6,$U6,$AM6,$BE6,$BW6,$CO6,$DG6,$DY6,$EQ6,$FI6,$GA6,$GS6,$HK6,$IC6,$IU6,$JM6,$KE6,$KW6,$LO6,$MG6,$MY6,$NQ6,$OI6,$PA6,$PS6,$QK6,$RC6,$RU6,$SM6) -> 0 | TW6: =MEDIAN($D6,$V6,$AN6,$BF6,$BX6,$CP6,$DH6,$DZ6,$ER6,$FJ6,$GB6,$GT6,$HL6,$ID6,$IV6,$JN6,$KF6,$KX6,$LP6,$MH6,$MZ6,$NR6,$OJ6,$PB6,$PT6,$QL6,$RD6,$RV6,$SN6) -> 0 | TX6: =MEDIAN($E6,$W6,$AO6,$BG6,$BY6,$CQ6,$DI6,$EA6,$ES6,$FK6,$GC6,$GU6,$HM6,$IE6,$IW6,$JO6,$KG6,$KY6,$LQ6,$MI6,$NA6,$NS6,$OK6,$PC6,$PU6,$QM6,$RE6,$RW6,$SO6) -> 0 | TY6: =MEDIAN($F6,$X6,$AP6,$BH6,$BZ6,$CR6,$DJ6,$EB6,$ET6,$FL6,$GD6,$GV6,$HN6,$IF6,$IX6,$JP6,$KH6,$KZ6,$LR6,$MJ6,$NB6,$NT6,$OL6,$PD6,$PV6,$QN6,$RF6,$RX6,$SP6) -> 0 | TZ6: =MEDIAN($G6,$Y6,$AQ6,$BI6,$CA6,$CS6,$DK6,$EC6,$EU6,$FM6,$GE6,$GW6,$HO6,$IG6,$IY6,$JQ6,$KI6,$LA6,$LS6,$MK6,$NC6,$NU6,$OM6,$PE6,$PW6,$QO6,$RG6,$RY6,$SQ6) -> 0 | UA6: =MEDIAN($H6,$Z6,$AR6,$BJ6,$CB6,$CT6,$DL6,$ED6,$EV6,$FN6,$GF6,$GX6,$HP6,$IH6,$IZ6,$JR6,$KJ6,$LB6,$LT6,$ML6,$ND6,$NV6,$ON6,$PF6,$PX6,$QP6,$RH6,$RZ6,$SR6) -> 0 | UB6: =MEDIAN($I6,$AA6,$AS6,$BK6,$CC6,$CU6,$DM6,$EE6,$EW6,$FO6,$GG6,$GY6,$HQ6,$II6,$JA6,$JS6,$KK6,$LC6,$LU6,$MM6,$NE6,$NW6,$OO6,$PG6,$PY6,$QQ6,$RI6,$SA6,$SS6) -> 0 | UC6: =MEDIAN($J6,$AB6,$AT6,$BL6,$CD6,$CV6,$DN6,$EF6,$EX6,$FP6,$GH6,$GZ6,$HR6,$IJ6,$JB6,$JT6,$KL6,$LD6,$LV6,$MN6,$NF6,$NX6,$OP6,$PH6,$PZ6,$QR6,$RJ6,$SB6,$ST6) -> 0 | UD6: =MEDIAN($K6,$AC6,$AU6,$BM6,$CE6,$CW6,$DO6,$EG6,$EY6,$FQ6,$GI6,$HA6,$HS6,$IK6,$JC6,$JU6,$KM6,$LE6,$LW6,$MO6,$NG6,$NY6,$OQ6,$PI6,$QA6,$QS6,$RK6,$SC6,$SU6) -> 0 | UE6: =MEDIAN($L6,$AD6,$AV6,$BN6,$CF6,$CX6,$DP6,$EH6,$EZ6,$FR6,$GJ6,$HB6,$HT6,$IL6,$JD6,$JV6,$KN6,$LF6,$LX6,$MP6,$NH6,$NZ6,$OR6,$PJ6,$QB6,$QT6,$RL6,$SD6,$SV6) -> 0 | UF6: =MEDIAN($M6,$AE6,$AW6,$BO6,$CG6,$CY6,$DQ6,$EI6,$FA6,$FS6,$GK6,$HC6,$HU6,$IM6,$JE6,$JW6,$KO6,$LG6,$LY6,$MQ6,$NI6,$OA6,$OS6,$PK6,$QC6,$QU6,$RM6,$SE6,$SW6) -> 0 | UG6: =MEDIAN($N6,$AF6,$AX6,$BP6,$CH6,$CZ6,$DR6,$EJ6,$FB6,$FT6,$GL6,$HD6,$HV6,$IN6,$JF6,$JX6,$KP6,$LH6,$LZ6,$MR6,$NJ6,$OB6,$OT6,$PL6,$QD6,$QV6,$RN6,$SF6,$SX6) -> 0 | UH6: =MEDIAN($O6,$AG6,$AY6,$BQ6,$CI6,$DA6,$DS6,$EK6,$FC6,$FU6,$GM6,$HE6,$HW6,$IO6,$JG6,$JY6,$KQ6,$LI6,$MA6,$MS6,$NK6,$OC6,$OU6,$PM6,$QE6,$QW6,$RO6,$SG6,$SY6) -> 0 | UI6: =MEDIAN($Q6,$AI6,$BA6,$BS6,$CK6,$DC6,$DU6,$EM6,$FE6,$FW6,$GO6,$HG6,$HY6,$IQ6,$JI6,$KA6,$KS6,$LK6,$MC6,$MU6,$NM6,$OE6,$OW6,$PO6,$QG6,$QY6,$RQ6,$SI6,$TA6) -> 0 | UJ6: =MEDIAN($R6,$AJ6,$BB6,$BT6,$CL6,$DD6,$DV6,$EN6,$FF6,$FX6,$GP6,$HH6,$HZ6,$IR6,$JJ6,$KB6,$KT6,$LL6,$MD6,$MV6,$NN6,$OF6,$OX6,$PP6,$QH6,$QZ6,$RR6,$SJ6,$TB6) -> 0 | UK6: =MEDIAN($S6,$AK6,$BC6,$BU6,$CM6,$DE6,$DW6,$EO6,$FG6,$FY6,$GQ6,$HI6,$IA6,$IS6,$JK6,$KC6,$KU6,$LM6,$ME6,$MW6,$NO6,$OG6,$OY6,$PQ6,$QI6,$RA6,$RS6,$SK6,$TC6) -> 0 | UL6: =MAX($B6,$T6,$AL6,$BD6,$BV6,$CN6,$DF6,$DX6,$EP6,$FH6,$FZ6,$GR6,$HJ6,$IB6,$IT6,$JL6,$KD6,$KV6,$LN6,$MF6,$MX6,$NP6,$OH6,$OZ6,$PR6,$QJ6,$RB6,$RT6,$SL6) -> 0 | UM6: =MAX($C6,$U6,$AM6,$BE6,$BW6,$CO6,$DG6,$DY6,$EQ6,$FI6,$GA6,$GS6,$HK6,$IC6,$IU6,$JM6,$KE6,$KW6,$LO6,$MG6,$MY6,$NQ6,$OI6,$PA6,$PS6,$QK6,$RC6,$RU6,$SM6) -> 0 | UN6: =MAX($D6,$V6,$AN6,$BF6,$BX6,$CP6,$DH6,$DZ6,$ER6,$FJ6,$GB6,$GT6,$HL6,$ID6,$IV6,$JN6,$KF6,$KX6,$LP6,$MH6,$MZ6,$NR6,$OJ6,$PB6,$PT6,$QL6,$RD6,$RV6,$SN6) -> 0 | UO6: =MAX($E6,$W6,$AO6,$BG6,$BY6,$CQ6,$DI6,$EA6,$ES6,$FK6,$GC6,$GU6,$HM6,$IE6,$IW6,$JO6,$KG6,$KY6,$LQ6,$MI6,$NA6,$NS6,$OK6,$PC6,$PU6,$QM6,$RE6,$RW6,$SO6) -> 0 | UP6: =MAX($F6,$X6,$AP6,$BH6,$BZ6,$CR6,$DJ6,$EB6,$ET6,$FL6,$GD6,$GV6,$HN6,$IF6,$IX6,$JP6,$KH6,$KZ6,$LR6,$MJ6,$NB6,$NT6,$OL6,$PD6,$PV6,$QN6,$RF6,$RX6,$SP6) -> 0 | UQ6: =MAX($G6,$Y6,$AQ6,$BI6,$CA6,$CS6,$DK6,$EC6,$EU6,$FM6,$GE6,$GW6,$HO6,$IG6,$IY6,$JQ6,$KI6,$LA6,$LS6,$MK6,$NC6,$NU6,$OM6,$PE6,$PW6,$QO6,$RG6,$RY6,$SQ6) -> 0 | UR6: =MAX($H6,$Z6,$AR6,$BJ6,$CB6,$CT6,$DL6,$ED6,$EV6,$FN6,$GF6,$GX6,$HP6,$IH6,$IZ6,$JR6,$KJ6,$LB6,$LT6,$ML6,$ND6,$NV6,$ON6,$PF6,$PX6,$QP6,$RH6,$RZ6,$SR6) -> 0 | US6: =MAX($I6,$AA6,$AS6,$BK6,$CC6,$CU6,$DM6,$EE6,$EW6,$FO6,$GG6,$GY6,$HQ6,$II6,$JA6,$JS6,$KK6,$LC6,$LU6,$MM6,$NE6,$NW6,$OO6,$PG6,$PY6,$QQ6,$RI6,$SA6,$SS6) -> 0 | UT6: =MAX($J6,$AB6,$AT6,$BL6,$CD6,$CV6,$DN6,$EF6,$EX6,$FP6,$GH6,$GZ6,$HR6,$IJ6,$JB6,$JT6,$KL6,$LD6,$LV6,$MN6,$NF6,$NX6,$OP6,$PH6,$PZ6,$QR6,$RJ6,$SB6,$ST6) -> 0 | UU6: =MAX($K6,$AC6,$AU6,$BM6,$CE6,$CW6,$DO6,$EG6,$EY6,$FQ6,$GI6,$HA6,$HS6,$IK6,$JC6,$JU6,$KM6,$LE6,$LW6,$MO6,$NG6,$NY6,$OQ6,$PI6,$QA6,$QS6,$RK6,$SC6,$SU6) -> 0 | UV6: =MAX($L6,$AD6,$AV6,$BN6,$CF6,$CX6,$DP6,$EH6,$EZ6,$FR6,$GJ6,$HB6,$HT6,$IL6,$JD6,$JV6,$KN6,$LF6,$LX6,$MP6,$NH6,$NZ6,$OR6,$PJ6,$QB6,$QT6,$RL6,$SD6,$SV6) -> 0 | UW6: =MAX($M6,$AE6,$AW6,$BO6,$CG6,$CY6,$DQ6,$EI6,$FA6,$FS6,$GK6,$HC6,$HU6,$IM6,$JE6,$JW6,$KO6,$LG6,$LY6,$MQ6,$NI6,$OA6,$OS6,$PK6,$QC6,$QU6,$RM6,$SE6,$SW6) -> 0 | UX6: =MAX($N6,$AF6,$AX6,$BP6,$CH6,$CZ6,$DR6,$EJ6,$FB6,$FT6,$GL6,$HD6,$HV6,$IN6,$JF6,$JX6,$KP6,$LH6,$LZ6,$MR6,$NJ6,$OB6,$OT6,$PL6,$QD6,$QV6,$RN6,$SF6,$SX6) -> 0 | UY6: =MAX($O6,$AG6,$AY6,$BQ6,$CI6,$DA6,$DS6,$EK6,$FC6,$FU6,$GM6,$HE6,$HW6,$IO6,$JG6,$JY6,$KQ6,$LI6,$MA6,$MS6,$NK6,$OC6,$OU6,$PM6,$QE6,$QW6,$RO6,$SG6,$SY6) -> 0 | UZ6: =MAX($Q6,$AI6,$BA6,$BS6,$CK6,$DC6,$DU6,$EM6,$FE6,$FW6,$GO6,$HG6,$HY6,$IQ6,$JI6,$KA6,$KS6,$LK6,$MC6,$MU6,$NM6,$OE6,$OW6,$PO6,$QG6,$QY6,$RQ6,$SI6,$TA6) -> 0 | VA6: =MAX($R6,$AJ6,$BB6,$BT6,$CL6,$DD6,$DV6,$EN6,$FF6,$FX6,$GP6,$HH6,$HZ6,$IR6,$JJ6,$KB6,$KT6,$LL6,$MD6,$MV6,$NN6,$OF6,$OX6,$PP6,$QH6,$QZ6,$RR6,$SJ6,$TB6) -> 0 | VB6: =MAX($S6,$AK6,$BC6,$BU6,$CM6,$DE6,$DW6,$EO6,$FG6,$FY6,$GQ6,$HI6,$IA6,$IS6,$JK6,$KC6,$KU6,$LM6,$ME6,$MW6,$NO6,$OG6,$OY6,$PQ6,$QI6,$RA6,$RS6,$SK6,$TC6) -> 0
A7: ./bsp-0050 | G7: 0 | I7: 150 | J7: 0 | L7: 0.97 | P7: SATISFIABLE | Q7: 0.97 | R7: 0 | AQ7: 0 | AS7: 1661 | AT7: 0 | AV7: 1200 | BA7: 600 | BB7: 1 | BD7: 14176 | BE7: 50 | BF7: 3.843 | BG7: 0 | BH7: 1635048 | BI7: 0 | BJ7: 3.843 | BK7: 236 | BL7: 0 | BM7: 1 | BN7: 3.89 | BO7: 0 | BP7: 1766420 | BQ7: 0 | BR7: SATISFIABLE | BS7: 3.89 | BT7: 0 | BU7: 5202 | BV7: 3979 | BW7: 41 | BX7: 0.218 | BY7: 0 | BZ7: 2850 | CA7: 0 | CB7: 0.218 | CC7: 23 | CD7: 0 | CE7: 1 | CF7: 0.25 | CG7: 0 | CH7: 131628 | CI7: 0 | CJ7: SATISFIABLE | CK7: 0.25 | CL7: 0 | CM7: 2649 | CN7: 17998 | CO7: 10885 | CP7: 4.378 | CQ7: 8301 | CR7: 1635156 | CS7: 0 | CT7: 3.818 | CU7: 230 | CV7: 0 | CW7: 1 | CX7: 4.41 | CY7: 59 | CZ7: 1770340 | DA7: 0.56 | DB7: SATISFIABLE | DC7: 4.41 | DD7: 0 | DE7: 5206 | DF7: 7801 | DG7: 27 | DH7: 0.167 | DI7: 0 | DJ7: 10588 | DK7: 0 | DL7: 0.167 | DM7: 12 | DN7: 0 | DO7: 1 | DP7: 0.2 | DQ7: 0 | DR7: 135498 | DS7: 0 | DT7: SATISFIABLE | DU7: 0.2 | DV7: 0 | DW7: 5197 | DX7: 17998 | DY7: 20823 | DZ7: 6.462 | EA7: 16789 | EB7: 2017956 | EC7: 0 | ED7: 4.222 | EE7: 282 | EF7: 0 | EG7: 1 | EH7: 6.51 | EI7: 93 | EJ7: 1770340 | EK7: 2.24 | EL7: SATISFIABLE | EM7: 6.51 | EN7: 0 | EO7: 132806 | EP7: 7801 | EQ7: 27 | ER7: 0.331 | ES7: 0 | ET7: 393088 | EU7: 0 | EV7: 0.321 | EW7: 84 | EX7: 0 | EY7: 1 | EZ7: 0.36 | FA7: 0 | FB7: 135498 | FC7: 0.01 | FD7: SATISFIABLE | FE7: 0.36 | FF7: 0 | FG7: 132697 | FH7: 10350 | FI7: 4432 | FJ7: 4.008 | FK7: 3222 | FL7: 1634846 | FM7: 0 | FN7: 3.768 | FO7: 220 | FP7: 0 | FQ7: 1 | FR7: 4.14 | FS7: 27 | FT7: 1634896 | FU7: 0.24 | FV7: SATISFIABLE | FW7: 4.14 | FX7: 0 | FY7: 5150 | FZ7: 153 | GA7: 16 | GB7: 0.002 | GC7: 0 | GD7: 2 | GE7: 0 | GF7: 0.002 | GG7: 0 | GH7: 0 | GI7: 1 | GJ7: 0.05 | GK7: 0 | GL7: 154 | GM7: 0 | GN7: SATISFIABLE | GO7: 0.05 | GP7: 0 | GQ7: 51 | GR7: 10352 | GS7: 50 | GT7: 3.574 | GU7: 0 | GV7: 1634846 | GW7: 0 | GX7: 3.574 | GY7: 226 | GZ7: 0 | HA7: 1 | HB7: 3.61 | HC7: 0 | HD7: 1634898 | HE7: 0 | HF7: SATISFIABLE | HG7: 3.61 | HH7: 0 | HI7: 5150 | HJ7: 145600 | HK7: 4854 | HL7: 34.704 | HM7: 3562 | HN7: 2017856 | HO7: 0 | HP7: 4.414 | HQ7: 376 | HR7: 0 | HS7: 1 | HT7: 34.9 | HU7: 29 | HV7: 1770342 | HW7: 30.29 | HX7: SATISFIABLE | HY7: 34.9 | HZ7: 0 | IA7: 132756 | IB7: 155 | IC7: 48 | ID7: 0.017 | IE7: 0 | IF7: 2 | IG7: 0 | IH7: 0.017 | II7: 7 | IJ7: 0 | IK7: 1 | IL7: 0.13 | IM7: 0 | IN7: 156 | IO7: 0 | IP7: SATISFIABLE | IQ7: 0.13 | IR7: 0 | IS7: 51 | IT7: 10352 | IU7: 4432 | IV7: 3.804 | IW7: 3222 | IX7: 1634846 | IY7: 0 | IZ7: 3.514 | JA7: 226 | JB7: 0 | JC7: 1 | JD7: 3.84 | JE7: 27 | JF7: 1634898 | JG7: 0.29 | JH7: SATISFIABLE | JI7: 3.84 | JJ7: 0 | JK7: 5150 | JL7: 155 | JM7: 16 | JN7: 0.002 | JO7: 0 | JP7: 2 | JQ7: 0 | JR7: 0.002 | JS7: 0 | JT7: 0 | JU7: 1 | JV7: 0.03 | JW7: 0 | JX7: 156 | JY7: 0 | JZ7: SATISFIABLE | KA7: 0.03 | KB7: 0 | KC7: 51 | KD7: 14176 | KE7: 50 | KF7: 3.931 | KG7: 0 | KH7: 1635048 | KI7: 0 | KJ7: 3.931 | KK7: 238 | KL7: 0 | KM7: 1 | KN7: 3.98 | KO7: 0 | KP7: 1766420 | KQ7: 0 | KR7: SATISFIABLE | KS7: 3.98 | KT7: 0 | KU7: 5202 | KV7: 3979 | KW7: 41 | KX7: 0.216 | KY7: 0 | KZ7: 2850 | LA7: 0 | LB7: 0.216 | LC7: 25 | LD7: 0 | LE7: 1 | LF7: 0.24 | LG7: 0 | LH7: 131628 | LI7: 0 | LJ7: SATISFIABLE | LK7: 0.24 | LL7: 0 | LM7: 2649 | LN7: 17998 | LO7: 10885 | LP7: 4.352 | LQ7: 8301 | LR7: 1635156 | LS7: 0 | LT7: 3.812 | LU7: 231 | LV7: 0 | LW7: 1 | LX7: 4.4 | LY7: 59 | LZ7: 1770340 | MA7: 0.54 | MB7: SATISFIABLE | MC7: 4.4 | MD7: 0 | ME7: 5206 | MF7: 7801 | MG7: 27 | MH7: 0.166 | MI7: 0 | MJ7: 10588 | MK7: 0 | ML7: 0.166 | MM7: 13 | MN7: 0 | MO7: 1 | MP7: 0.19 | MQ7: 0 | MR7: 135498 | MS7: 0 | MT7: SATISFIABLE | MU7: 0.19 | MV7: 0 | MW7: 5197 | MX7: 17998 | MY7: 20823 | MZ7: 6.251 | NA7: 16789 | NB7: 2017956 | NC7: 0 | ND7: 4.041 | NE7: 285 | NF7: 0 | NG7: 1 | NH7: 6.4 | NI7: 93 | NJ7: 1770340 | NK7: 2.21 | NL7: SATISFIABLE | NM7: 6.4 | NN7: 0 | NO7: 132806 | NP7: 7801 | NQ7: 27 | NR7: 0.314 | NS7: 0 | NT7: 393088 | NU7: 0 | NV7: 0.304 | NW7: 67 | NX7: 0 | NY7: 1 | NZ7: 0.35 | OA7: 0 | OB7: 135498 | OC7: 0.01 | OD7: SATISFIABLE | OE7: 0.35 | OF7: 0 | OG7: 132697 | OH7: 10350 | OI7: 4432 | OJ7: 3.834 | OK7: 3222 | OL7: 1634846 | OM7: 0 | ON7: 3.604 | OO7: 226 | OP7: 0 | OQ7: 1 | OR7: 3.88 | OS7: 27 | OT7: 1634896 | OU7: 0.23 | OV7: SATISFIABLE | OW7: 3.88 | OX7: 0 | OY7: 5150 | OZ7: 153 | PA7: 16 | PB7: 0.02 | PC7: 0 | PD7: 2 | PE7: 0 | PF7: 0.02 | PG7: 3 | PH7: 0 | PI7: 1 | PJ7: 0.17 | PK7: 0 | PL7: 154 | PM7: 0 | PN7: SATISFIABLE | PO7: 0.17 | PP7: 0 | PQ7: 51 | PR7: 10353 | PS7: 50 | PT7: 3.826 | PU7: 0 | PV7: 1634846 | PW7: 0 | PX7: 3.806 | PY7: 230 | PZ7: 0 | QA7: 1 | QB7: 3.87 | QC7: 0 | QD7: 1634899 | QE7: 0.02 | QF7: SATISFIABLE | QG7: 3.87 | QH7: 0 | QI7: 5150 | QJ7: 145601 | QK7: 4854 | QL7: 21.09 | QM7: 3562 | QN7: 2017856 | QO7: 0 | QP7: 7.78 | QQ7: 351 | QR7: 0 | QS7: 1 | QT7: 21.37 | QU7: 29 | QV7: 1770343 | QW7: 13.31 | QX7: SATISFIABLE | QY7: 21.37 | QZ7: 0 | RA7: 132756 | RB7: 156 | RC7: 48 | RD7: 0.035 | RE7: 0 | RF7: 2 | RG7: 0 | RH7: 0.025 | RI7: 0 | RJ7: 0 | RK7: 1 | RL7: 0.06 | RM7: 0 | RN7: 157 | RO7: 0.01 | RP7: SATISFIABLE | RQ7: 0.06 | RR7: 0 | RS7: 51 | RT7: 10353 | RU7: 4432 | RV7: 4.296 | RW7: 3222 | RX7: 1634846 | RY7: 0 | RZ7: 3.906 | SA7: 231 | SB7: 0 | SC7: 1 | SD7: 4.35 | SE7: 27 | SF7: 1634899 | SG7: 0.39 | SH7: SATISFIABLE | SI7: 4.35 | SJ7: 0 | SK7: 5150 | SL7: 156 | SM7: 16 | SN7: 0.02 | SO7: 0 | SP7: 2 | SQ7: 0 | SR7: 0.02 | SS7: 0 | ST7: 0 | SU7: 1 | SV7: 0.05 | SW7: 0 | SX7: 157 | SY7: 0 | SZ7: SATISFIABLE | TA7: 0.05 | TB7: 0 | TC7: 51 | TD7: =MIN($B7,$T7,$AL7,$BD7,$BV7,$CN7,$DF7,$DX7,$EP7,$FH7,$FZ7,$GR7,$HJ7,$IB7,$IT7,$JL7,$KD7,$KV7,$LN7,$MF7,$MX7,$NP7,$OH7,$OZ7,$PR7,$QJ7,$RB7,$RT7,$SL7) -> 0 | TE7: =MIN($C7,$U7,$AM7,$BE7,$BW7,$CO7,$DG7,$DY7,$EQ7,$FI7,$GA7,$GS7,$HK7,$IC7,$IU7,$JM7,$KE7,$KW7,$LO7,$MG7,$MY7,$NQ7,$OI7,$PA7,$PS7,$QK7,$RC7,$RU7,$SM7) -> 0 | TF7: =MIN($D7,$V7,$AN7,$BF7,$BX7,$CP7,$DH7,$DZ7,$ER7,$FJ7,$GB7,$GT7,$HL7,$ID7,$IV7,$JN7,$KF7,$KX7,$LP7,$MH7,$MZ7,$NR7,$OJ7,$PB7,$PT7,$QL7,$RD7,$RV7,$SN7) -> 0 | TG7: =MIN($E7,$W7,$AO7,$BG7,$BY7,$CQ7,$DI7,$EA7,$ES7,$FK7,$GC7,$GU7,$HM7,$IE7,$IW7,$JO7,$KG7,$KY7,$LQ7,$MI7,$NA7,$NS7,$OK7,$PC7,$PU7,$QM7,$RE7,$RW7,$SO7) -> 0 | TH7: =MIN($F7,$X7,$AP7,$BH7,$BZ7,$CR7,$DJ7,$EB7,$ET7,$FL7,$GD7,$GV7,$HN7,$IF7,$IX7,$JP7,$KH7,$KZ7,$LR7,$MJ7,$NB7,$NT7,$OL7,$PD7,$PV7,$QN7,$RF7,$RX7,$SP7) -> 0 | TI7: =MIN($G7,$Y7,$AQ7,$BI7,$CA7,$CS7,$DK7,$EC7,$EU7,$FM7,$GE7,$GW7,$HO7,$IG7,$IY7,$JQ7,$KI7,$LA7,$LS7,$MK7,$NC7,$NU7,$OM7,$PE7,$PW7,$QO7,$RG7,$RY7,$SQ7) -> 0 | TJ7: =MIN($H7,$Z7,$AR7,$BJ7,$CB7,$CT7,$DL7,$ED7,$EV7,$FN7,$GF7,$GX7,$HP7,$IH7,$IZ7,$JR7,$KJ7,$LB7,$LT7,$ML7,$ND7,$NV7,$ON7,$PF7,$PX7,$QP7,$RH7,$RZ7,$SR7) -> 0 | TK7: =MIN($I7,$AA7,$AS7,$BK7,$CC7,$CU7,$DM7,$EE7,$EW7,$FO7,$GG7,$GY7,$HQ7,$II7,$JA7,$JS7,$KK7,$LC7,$LU7,$MM7,$NE7,$NW7,$OO7,$PG7,$PY7,$QQ7,$RI7,$SA7,$SS7) -> 0 | TL7: =MIN($J7,$AB7,$AT7,$BL7,$CD7,$CV7,$DN7,$EF7,$EX7,$FP7,$GH7,$GZ7,$HR7,$IJ7,$JB7,$JT7,$KL7,$LD7,$LV7,$MN7,$NF7,$NX7,$OP7,$PH7,$PZ7,$QR7,$RJ7,$SB7,$ST7) -> 0 | TM7: =MIN($K7,$AC7,$AU7,$BM7,$CE7,$CW7,$DO7,$EG7,$EY7,$FQ7,$GI7,$HA7,$HS7,$IK7,$JC7,$JU7,$KM7,$LE7,$LW7,$MO7,$NG7,$NY7,$OQ7,$PI7,$QA7,$QS7,$RK7,$SC7,$SU7) -> 0 | TN7: =MIN($L7,$AD7,$AV7,$BN7,$CF7,$CX7,$DP7,$EH7,$EZ7,$FR7,$GJ7,$HB7,$HT7,$IL7,$JD7,$JV7,$KN7,$LF7,$LX7,$MP7,$NH7,$NZ7,$OR7,$PJ7,$QB7,$QT7,$RL7,$SD7,$SV7) -> 0 | TO7: =MIN($M7,$AE7,$AW7,$BO7,$CG7,$CY7,$DQ7,$EI7,$FA7,$FS7,$GK7,$HC7,$HU7,$IM7,$JE7,$JW7,$KO7,$LG7,$LY7,$MQ7,$NI7,$OA7,$OS7,$PK7,$QC7,$QU7,$RM7,$SE7,$SW7) -> 0 | TP7: =MIN($N7,$AF7,$AX7,$BP7,$CH7,$CZ7,$DR7,$EJ7,$FB7,$FT7,$GL7,$HD7,$HV7,$IN7,$JF7,$JX7,$KP7,$LH7,$LZ7,$MR7,$NJ7,$OB7,$OT7,$PL7,$QD7,$QV7,$RN7,$SF7,$SX7) -> 0 | TQ7: =MIN($O7,$AG7,$AY7,$BQ7,$CI7,$DA7,$DS7,$EK7,$FC7,$FU7,$GM7,$HE7,$HW7,$IO7,$JG7,$JY7,$KQ7,$LI7,$MA7,$MS7,$NK7,$OC7,$OU7,$PM7,$QE7,$QW7,$RO7,$SG7,$SY7) -> 0 | TR7: =MIN($Q7,$AI7,$BA7,$BS7,$CK7,$DC7,$DU7,$EM7,$FE7,$FW7,$GO7,$HG7,$HY7,$IQ7,$JI7,$KA7,$KS7,$LK7,$MC7,$MU7,$NM7,$OE7,$OW7,$PO7,$QG7,$QY7,$RQ7,$SI7,$TA7) -> 0 | TS7: =MIN($R7,$AJ7,$BB7,$BT7,$CL7,$DD7,$DV7,$EN7,$FF7,$FX7,$GP7,$HH7,$HZ7,$IR7,$JJ7,$KB7,$KT7,$LL7,$MD7,$MV7,$NN7,$OF7,$OX7,$PP7,$QH7,$QZ7,$RR7,$SJ7,$TB7) -> 0 | TT7: =MIN($S7,$AK7,$BC7,$BU7,$CM7,$DE7,$DW7,$EO7,$FG7,$FY7,$GQ7,$HI7,$IA7,$IS7,$JK7,$KC7,$KU7,$LM7,$ME7,$MW7,$NO7,$OG7,$OY7,$PQ7,$QI7,$RA7,$RS7,$SK7,$TC7) -> 0 | TU7: =MEDIAN($B7,$T7,$AL7,$BD7,$BV7,$CN7,$DF7,$DX7,$EP7,$FH7,$FZ7,$GR7,$HJ7,$IB7,$IT7,$JL7,$KD7,$KV7,$LN7,$MF7,$MX7,$NP7,$OH7,$OZ7,$PR7,$QJ7,$RB7,$RT7,$SL7) -> 0 | TV7: =MEDIAN($C7,$U7,$AM7,$BE7,$BW7,$CO7,$DG7,$DY7,$EQ7,$FI7,$GA7,$GS7,$HK7,$IC7,$IU7,$JM7,$KE7,$KW7,$LO7,$MG7,$MY7,$NQ7,$OI7,$PA7,$PS7,$QK7,$RC7,$RU7,$SM7) -> 0 | TW7: =MEDIAN($D7,$V7,$AN7,$BF7,$BX7,$CP7,$DH7,$DZ7,$ER7,$FJ7,$GB7,$GT7,$HL7,$ID7,$IV7,$JN7,$KF7,$KX7,$LP7,$MH7,$MZ7,$NR7,$OJ7,$PB7,$PT7,$QL7,$RD7,$RV7,$SN7) -> 0 | TX7: =MEDIAN($E7,$W7,$AO7,$BG7,$BY7,$CQ7,$DI7,$EA7,$ES7,$FK7,$GC7,$GU7,$HM7,$IE7,$IW7,$JO7,$KG7,$KY7,$LQ7,$MI7,$NA7,$NS7,$OK7,$PC7,$PU7,$QM7,$RE7,$RW7,$SO7) -> 0 | TY7: =MEDIAN($F7,$X7,$AP7,$BH7,$BZ7,$CR7,$DJ7,$EB7,$ET7,$FL7,$GD7,$GV7,$HN7,$IF7,$IX7,$JP7,$KH7,$KZ7,$LR7,$MJ7,$NB7,$NT7,$OL7,$PD7,$PV7,$QN7,$RF7,$RX7,$SP7) -> 0 | TZ7: =MEDIAN($G7,$Y7,$AQ7,$BI7,$CA7,$CS7,$DK7,$EC7,$EU7,$FM7,$GE7,$GW7,$HO7,$IG7,$IY7,$JQ7,$KI7,$LA7,$LS7,$MK7,$NC7,$NU7,$OM7,$PE7,$PW7,$QO7,$RG7,$RY7,$SQ7) -> 0 | UA7: =MEDIAN($H7,$Z7,$AR7,$BJ7,$CB7,$CT7,$DL7,$ED7,$EV7,$FN7,$GF7,$GX7,$HP7,$IH7,$IZ7,$JR7,$KJ7,$LB7,$LT7,$ML7,$ND7,$NV7,$ON7,$PF7,$PX7,$QP7,$RH7,$RZ7,$SR7) -> 0 | UB7: =MEDIAN($I7,$AA7,$AS7,$BK7,$CC7,$CU7,$DM7,$EE7,$EW7,$FO7,$GG7,$GY7,$HQ7,$II7,$JA7,$JS7,$KK7,$LC7,$LU7,$MM7,$NE7,$NW7,$OO7,$PG7,$PY7,$QQ7,$RI7,$SA7,$SS7) -> 0 | UC7: =MEDIAN($J7,$AB7,$AT7,$BL7,$CD7,$CV7,$DN7,$EF7,$EX7,$FP7,$GH7,$GZ7,$HR7,$IJ7,$JB7,$JT7,$KL7,$LD7,$LV7,$MN7,$NF7,$NX7,$OP7,$PH7,$PZ7,$QR7,$RJ7,$SB7,$ST7) -> 0 | UD7: =MEDIAN($K7,$AC7,$AU7,$BM7,$CE7,$CW7,$DO7,$EG7,$EY7,$FQ7,$GI7,$HA7,$HS7,$IK7,$JC7,$JU7,$KM7,$LE7,$LW7,$MO7,$NG7,$NY7,$OQ7,$PI7,$QA7,$QS7,$RK7,$SC7,$SU7) -> 0 | UE7: =MEDIAN($L7,$AD7,$AV7,$BN7,$CF7,$CX7,$DP7,$EH7,$EZ7,$FR7,$GJ7,$HB7,$HT7,$IL7,$JD7,$JV7,$KN7,$LF7,$LX7,$MP7,$NH7,$NZ7,$OR7,$PJ7,$QB7,$QT7,$RL7,$SD7,$SV7) -> 0 | UF7: =MEDIAN($M7,$AE7,$AW7,$BO7,$CG7,$CY7,$DQ7,$EI7,$FA7,$FS7,$GK7,$HC7,$HU7,$IM7,$JE7,$JW7,$KO7,$LG7,$LY7,$MQ7,$NI7,$OA7,$OS7,$PK7,$QC7,$QU7,$RM7,$SE7,$SW7) -> 0 | UG7: =MEDIAN($N7,$AF7,$AX7,$BP7,$CH7,$CZ7,$DR7,$EJ7,$FB7,$FT7,$GL7,$HD7,$HV7,$IN7,$JF7,$JX7,$KP7,$LH7,$LZ7,$MR7,$NJ7,$OB7,$OT7,$PL7,$QD7,$QV7,$RN7,$SF7,$SX7) -> 0 | UH7: =MEDIAN($O7,$AG7,$AY7,$BQ7,$CI7,$DA7,$DS7,$EK7,$FC7,$FU7,$GM7,$HE7,$HW7,$IO7,$JG7,$JY7,$KQ7,$LI7,$MA7,$MS7,$NK7,$OC7,$OU7,$PM7,$QE7,$QW7,$RO7,$SG7,$SY7) -> 0 | UI7: =MEDIAN($Q7,$AI7,$BA7,$BS7,$CK7,$DC7,$DU7,$EM7,$FE7,$FW7,$GO7,$HG7,$HY7,$IQ7,$JI7,$KA7,$KS7,$LK7,$MC7,$MU7,$NM7,$OE7,$OW7,$PO7,$QG7,$QY7,$RQ7,$SI7,$TA7) -> 0 | UJ7: =MEDIAN($R7,$AJ7,$BB7,$BT7,$CL7,$DD7,$DV7,$EN7,$FF7,$FX7,$GP7,$HH7,$HZ7,$IR7,$JJ7,$KB7,$KT7,$LL7,$MD7,$MV7,$NN7,$OF7,$OX7,$PP7,$QH7,$QZ7,$RR7,$SJ7,$TB7) -> 0 | UK7: =MEDIAN($S7,$AK7,$BC7,$BU7,$CM7,$DE7,$DW7,$EO7,$FG7,$FY7,$GQ7,$HI7,$IA7,$IS7,$JK7,$KC7,$KU7,$LM7,$ME7,$MW7,$NO7,$OG7,$OY7,$PQ7,$QI7,$RA7,$RS7,$SK7,$TC7) -> 0 | UL7: =MAX($B7,$T7,$AL7,$BD7,$BV7,$CN7,$DF7,$DX7,$EP7,$FH7,$FZ7,$GR7,$HJ7,$IB7,$IT7,$JL7,$KD7,$KV7,$LN7,$MF7,$MX7,$NP7,$OH7,$OZ7,$PR7,$QJ7,$RB7,$RT7,$SL7) -> 0 | UM7: =MAX($C7,$U7,$AM7,$BE7,$BW7,$CO7,$DG7,$DY7,$EQ7,$FI7,$GA7,$GS7,$HK7,$IC7,$IU7,$JM7,$KE7,$KW7,$LO7,$MG7,$MY7,$NQ7,$OI7,$PA7,$PS7,$QK7,$RC7,$RU7,$SM7) -> 0 | UN7: =MAX($D7,$V7,$AN7,$BF7,$BX7,$CP7,$DH7,$DZ7,$ER7,$FJ7,$GB7,$GT7,$HL7,$ID7,$IV7,$JN7,$KF7,$KX7,$LP7,$MH7,$MZ7,$NR7,$OJ7,$PB7,$PT7,$QL7,$RD7,$RV7,$SN7) -> 0 | UO7: =MAX($E7,$W7,$AO7,$BG7,$BY7,$CQ7,$DI7,$EA7,$ES7,$FK7,$GC7,$GU7,$HM7,$IE7,$IW7,$JO7,$KG7,$KY7,$LQ7,$MI7,$NA7,$NS7,$OK7,$PC7,$PU7,$QM7,$RE7,$RW7,$SO7) -> 0 | UP7: =MAX($F7,$X7,$AP7,$BH7,$BZ7,$CR7,$DJ7,$EB7,$ET7,$FL7,$GD7,$GV7,$HN7,$IF7,$IX7,$JP7,$KH7,$KZ7,$LR7,$MJ7,$NB7,$NT7,$OL7,$PD7,$PV7,$QN7,$RF7,$RX7,$SP7) -> 0 | UQ7: =MAX($G7,$Y7,$AQ7,$BI7,$CA7,$CS7,$DK7,$EC7,$EU7,$FM7,$GE7,$GW7,$HO7,$IG7,$IY7,$JQ7,$KI7,$LA7,$LS7,$MK7,$NC7,$NU7,$OM7,$PE7,$PW7,$QO7,$RG7,$RY7,$SQ7) -> 0 | UR7: =MAX($H7,$Z7,$AR7,$BJ7,$CB7,$CT7,$DL7,$ED7,$EV7,$FN7,$GF7,$GX7,$HP7,$IH7,$IZ7,$JR7,$KJ7,$LB7,$LT7,$ML7,$ND7,$NV7,$ON7,$PF7,$PX7,$QP7,$RH7,$RZ7,$SR7) -> 0 | US7: =MAX($I7,$AA7,$AS7,$BK7,$CC7,$CU7,$DM7,$EE7,$EW7,$FO7,$GG7,$GY7,$HQ7,$II7,$JA7,$JS7,$KK7,$LC7,$LU7,$MM7,$NE7,$NW7,$OO7,$PG7,$PY7,$QQ7,$RI7,$SA7,$SS7) -> 0 | UT7: =MAX($J7,$AB7,$AT7,$BL7,$CD7,$CV7,$DN7,$EF7,$EX7,$FP7,$GH7,$GZ7,$HR7,$IJ7,$JB7,$JT7,$KL7,$LD7,$LV7,$MN7,$NF7,$NX7,$OP7,$PH7,$PZ7,$QR7,$RJ7,$SB7,$ST7) -> 0 | UU7: =MAX($K7,$AC7,$AU7,$BM7,$CE7,$CW7,$DO7,$EG7,$EY7,$FQ7,$GI7,$HA7,$HS7,$IK7,$JC7,$JU7,$KM7,$LE7,$LW7,$MO7,$NG7,$NY7,$OQ7,$PI7,$QA7,$QS7,$RK7,$SC7,$SU7) -> 0 | UV7: =MAX($L7,$AD7,$AV7,$BN7,$CF7,$CX7,$DP7,$EH7,$EZ7,$FR7,$GJ7,$HB7,$HT7,$IL7,$JD7,$JV7,$KN7,$LF7,$LX7,$MP7,$NH7,$NZ7,$OR7,$PJ7,$QB7,$QT7,$RL7,$SD7,$SV7) -> 0 | UW7: =MAX($M7,$AE7,$AW7,$BO7,$CG7,$CY7,$DQ7,$EI7,$FA7,$FS7,$GK7,$HC7,$HU7,$IM7,$JE7,$JW7,$KO7,$LG7,$LY7,$MQ7,$NI7,$OA7,$OS7,$PK7,$QC7,$QU7,$RM7,$SE7,$SW7) -> 0 | UX7: =MAX($N7,$AF7,$AX7,$BP7,$CH7,$CZ7,$DR7,$EJ7,$FB7,$FT7,$GL7,$HD7,$HV7,$IN7,$JF7,$JX7,$KP7,$LH7,$LZ7,$MR7,$NJ7,$OB7,$OT7,$PL7,$QD7,$QV7,$RN7,$SF7,$SX7) -> 0 | UY7: =MAX($O7,$AG7,$AY7,$BQ7,$CI7,$DA7,$DS7,$EK7,$FC7,$FU7,$GM7,$HE7,$HW7,$IO7,$JG7,$JY7,$KQ7,$LI7,$MA7,$MS7,$NK7,$OC7,$OU7,$PM7,$QE7,$QW7,$RO7,$SG7,$SY7) -> 0 | UZ7: =MAX($Q7,$AI7,$BA7,$BS7,$CK7,$DC7,$DU7,$EM7,$FE7,$FW7,$GO7,$HG7,$HY7,$IQ7,$JI7,$KA7,$KS7,$LK7,$MC7,$MU7,$NM7,$OE7,$OW7,$PO7,$QG7,$QY7,$RQ7,$SI7,$TA7) -> 0 | VA7: =MAX($R7,$AJ7,$BB7,$BT7,$CL7,$DD7,$DV7,$EN7,$FF7,$FX7,$GP7,$HH7,$HZ7,$IR7,$JJ7,$KB7,$KT7,$LL7,$MD7,$MV7,$NN7,$OF7,$OX7,$PP7,$QH7,$QZ7,$RR7,$SJ7,$TB7) -> 0 | VB7: =MAX($S7,$AK7,$BC7,$BU7,$CM7,$DE7,$DW7,$EO7,$FG7,$FY7,$GQ7,$HI7,$IA7,$IS7,$JK7,$KC7,$KU7,$LM7,$ME7,$MW7,$NO7,$OG7,$OY7,$PQ7,$QI7,$RA7,$RS7,$SK7,$TC7) -> 0
A8: ./bsp-0060 | G8: 0 | I8: 139 | J8: 0 | L8: 1.12 | P8: SATISFIABLE | Q8: 1.12 | R8: 0 | AQ8: 0 | AS8: 1573 | AT8: 0 | AV8: 1200 | BA8: 600 | BB8: 1 | BD8: 20311 | BE8: 1668059 | BF8: 144.429 | BG8: 1462705 | BH8: 3362308 | BI8: 0 | BJ8: 7.929 | BK8: 478 | BL8: 0 | BM8: 1 | BN8: 144.46 | BO8: 4092 | BP8: 3587455 | BQ8: 136.5 | BR8: SATISFIABLE | BS8: 144.46 | BT8: 0 | BU8: 7442 | BV8: 5674 | BW8: 40 | BX8: 0.392 | BY8: 0 | BZ8: 4020 | CA8: 0 | CB8: 0.382 | CC8: 54 | CD8: 0 | CE8: 1 | CF8: 0.42 | CG8: 0 | CH8: 225453 | CI8: 0.01 | CJ8: SATISFIABLE | CK8: 0.42 | CL8: 0 | CM8: 3779 | CN8: 25798 | CO8: 23762 | CP8: 9.557 | CQ8: 18034 | CR8: 3362436 | CS8: 0 | CT8: 7.967 | CU8: 458 | CV8: 0 | CW8: 1 | CX8: 9.61 | CY8: 107 | CZ8: 3593060 | DA8: 1.59 | DB8: SATISFIABLE | DC8: 9.61 | DD8: 0 | DE8: 7446 | DF8: 11161 | DG8: 36 | DH8: 0.317 | DI8: 0 | DJ8: 15107 | DK8: 0 | DL8: 0.317 | DM8: 28 | DN8: 0 | DO8: 1 | DP8: 0.36 | DQ8: 0 | DR8: 230998 | DS8: 0 | DT8: SATISFIABLE | DU8: 0.36 | DV8: 0 | DW8: 7436 | DX8: 25798 | DY8: 13853 | DZ8: 10.465 | EA8: 10513 | EB8: 4021596 | EC8: 0 | ED8: 8.385 | EE8: 531 | EF8: 0 | EG8: 1 | EH8: 10.52 | EI8: 62 | EJ8: 3593060 | EK8: 2.08 | EL8: SATISFIABLE | EM8: 10.52 | EN8: 0 | EO8: 227166 | EP8: 11161 | EQ8: 34 | ER8: 0.664 | ES8: 1 | ET8: 673847 | EU8: 0 | EV8: 0.654 | EW8: 127 | EX8: 0 | EY8: 1 | EZ8: 0.71 | FA8: 0 | FB8: 230998 | FC8: 0.01 | FD8: SATISFIABLE | FE8: 0.71 | FF8: 0 | FG8: 227036 | FH8: 14820 | FI8: 11810 | FJ8: 8.536 | FK8: 8573 | FL8: 3362066 | FM8: 0 | FN8: 7.736 | FO8: 454 | FP8: 0 | FQ8: 1 | FR8: 8.66 | FS8: 60 | FT8: 3362126 | FU8: 0.8 | FV8: SATISFIABLE | FW8: 8.66 | FX8: 0 | FY8: 7380 | FZ8: 183 | GA8: 19 | GB8: 0.001 | GC8: 0 | GD8: 2 | GE8: 0 | GF8: 0.001 | GG8: 0 | GH8: 0 | GI8: 1 | GJ8: 0.04 | GK8: 0 | GL8: 184 | GM8: 0 | GN8: SATISFIABLE | GO8: 0.04 | GP8: 0 | GQ8: 61 | GR8: 14822 | GS8: 60 | GT8: 7.558 | GU8: 0 | GV8: 3362066 | GW8: 0 | GX8: 7.558 | GY8: 453 | GZ8: 0 | HA8: 1 | HB8: 7.6 | HC8: 0 | HD8: 3362128 | HE8: 0 | HF8: SATISFIABLE | HG8: 7.6 | HH8: 0 | HI8: 7380 | HJ8: 245520 | HK8: 22673 | HL8: 297.506 | HM8: 17259 | HN8: 4021476 | HO8: 0 | HP8: 9.426 | HQ8: 710 | HR8: 0 | HS8: 1 | HT8: 297.77 | HU8: 101 | HV8: 3593062 | HW8: 288.08 | HX8: SATISFIABLE | HY8: 297.77 | HZ8: 0 | IA8: 227106 | IB8: 185 | IC8: 57 | ID8: 0.018 | IE8: 0 | IF8: 2 | IG8: 0 | IH8: 0.018 | II8: 0 | IJ8: 0 | IK8: 1 | IL8: 0.11 | IM8: 0 | IN8: 186 | IO8: 0 | IP8: SATISFIABLE | IQ8: 0.11 | IR8: 0 | IS8: 61 | IT8: 14822 | IU8: 11810 | IV8: 8.838 | IW8: 8573 | IX8: 3362066 | IY8: 0 | IZ8: 7.808 | JA8: 454 | JB8: 0 | JC8: 1 | JD8: 8.88 | JE8: 60 | JF8: 3362128 | JG8: 1.03 | JH8: SATISFIABLE | JI8: 8.88 | JJ8: 0 | JK8: 7380 | JL8: 185 | JM8: 19 | JN8: 0.004 | JO8: 0 | JP8: 2 | JQ8: 0 | JR8: 0.004 | JS8: 0 | JT8: 0 | JU8: 1 | JV8: 0.05 | JW8: 0 | JX8: 186 | JY8: 0 | JZ8: SATISFIABLE | KA8: 0.05 | KB8: 0 | KC8: 61 | KD8: 20311 | KE8: 1668059 | KF8: 154.587 | KG8: 1462705 | KH8: 3362308 | KI8: 0 | KJ8: 8.297 | KK8: 472 | KL8: 0 | KM8: 1 | KN8: 154.63 | KO8: 4092 | KP8: 3587455 | KQ8: 146.29 | KR8: SATISFIABLE | KS8: 154.63 | KT8: 0 | KU8: 7442 | KV8: 5674 | KW8: 40 | KX8: 0.379 | KY8: 0 | KZ8: 4020 | LA8: 0 | LB8: 0.369 | LC8: 31 | LD8: 0 | LE8: 1 | LF8: 0.41 | LG8: 0 | LH8: 225453 | LI8: 0.01 | LJ8: SATISFIABLE | LK8: 0.41 | LL8: 0 | LM8: 3779 | LN8: 25798 | LO8: 23762 | LP8: 9.94 | LQ8: 18034 | LR8: 3362436 | LS8: 0 | LT8: 8.23 | LU8: 467 | LV8: 0 | LW8: 1 | LX8: 9.99 | LY8: 107 | LZ8: 3593060 | MA8: 1.71 | MB8: SATISFIABLE | MC8: 9.99 | MD8: 0 | ME8: 7446 | MF8: 11161 | MG8: 36 | MH8: 0.317 | MI8: 0 | MJ8: 15107 | MK8: 0 | ML8: 0.317 | MM8: 29 | MN8: 0 | MO8: 1 | MP8: 0.36 | MQ8: 0 | MR8: 230998 | MS8: 0 | MT8: SATISFIABLE | MU8: 0.36 | MV8: 0 | MW8: 7436 | MX8: 25798 | MY8: 13853 | MZ8: 10.899 | NA8: 10513 | NB8: 4021596 | NC8: 0 | ND8: 8.739 | NE8: 550 | NF8: 0 | NG8: 1 | NH8: 11.09 | NI8: 62 | NJ8: 3593060 | NK8: 2.16 | NL8: SATISFIABLE | NM8: 11.09 | NN8: 0 | NO8: 227166 | NP8: 11161 | NQ8: 34 | NR8: 0.626 | NS8: 1 | NT8: 673847 | NU8: 0 | NV8: 0.616 | NW8: 108 | NX8: 0 | NY8: 1 | NZ8: 0.68 | OA8: 0 | OB8: 230998 | OC8: 0.01 | OD8: SATISFIABLE | OE8: 0.68 | OF8: 0 | OG8: 227036 | OH8: 14820 | OI8: 11810 | OJ8: 8.886 | OK8: 8573 | OL8: 3362066 | OM8: 0 | ON8: 8.046 | OO8: 454 | OP8: 0 | OQ8: 1 | OR8: 8.96 | OS8: 60 | OT8: 3362126 | OU8: 0.84 | OV8: SATISFIABLE | OW8: 8.96 | OX8: 0 | OY8: 7380 | OZ8: 183 | PA8: 19 | PB8: 0.018 | PC8: 0 | PD8: 2 | PE8: 0 | PF8: 0.018 | PG8: 4 | PH8: 0 | PI8: 1 | PJ8: 0.15 | PK8: 0 | PL8: 184 | PM8: 0 | PN8: SATISFIABLE | PO8: 0.15 | PP8: 0 | PQ8: 61 | PR8: 14823 | PS8: 60 | PT8: 7.912 | PU8: 0 | PV8: 3362066 | PW8: 0 | PX8: 7.892 | PY8: 459 | PZ8: 0 | QA8: 1 | QB8: 7.96 | QC8: 0 | QD8: 3362129 | QE8: 0.02 | QF8: SATISFIABLE | QG8: 7.96 | QH8: 0 | QI8: 7380 | QJ8: 245521 | QK8: 22673 | QL8: 100.935 | QM8: 17259 | QN8: 4021476 | QO8: 0 | QP8: 15.415 | QQ8: 664 | QR8: 0 | QS8: 1 | QT8: 101.34 | QU8: 101 | QV8: 3593063 | QW8: 85.52 | QX8: SATISFIABLE | QY8: 101.34 | QZ8: 0 | RA8: 227106 | RB8: 186 | RC8: 57 | RD8: 0.033 | RE8: 0 | RF8: 2 | RG8: 0 | RH8: 0.023 | RI8: 0 | RJ8: 0 | RK8: 1 | RL8: 0.07 | RM8: 0 | RN8: 187 | RO8: 0.01 | RP8: SATISFIABLE | RQ8: 0.07 | RR8: 0 | RS8: 61 | RT8: 14823 | RU8: 11810 | RV8: 9.254 | RW8: 8573 | RX8: 3362066 | RY8: 0 | RZ8: 7.954 | SA8: 457 | SB8: 0 | SC8: 1 | SD8: 9.31 | SE8: 60 | SF8: 3362129 | SG8: 1.3 | SH8: SATISFIABLE | SI8: 9.31 | SJ8: 0 | SK8: 7380 | SL8: 186 | SM8: 19 | SN8: 0.03 | SO8: 0 | SP8: 2 | SQ8: 0 | SR8: 0.03 | SS8: 0 | ST8: 0 | SU8: 1 | SV8: 0.07 | SW8: 0 | SX8: 187 | SY8: 0 | SZ8: SATISFIABLE | TA8: 0.07 | TB8: 0 | TC8: 61 | TD8: =MIN($B8,$T8,$AL8,$BD8,$BV8,$CN8,$DF8,$DX8,$EP8,$FH8,$FZ8,$GR8,$HJ8,$IB8,$IT8,$JL8,$KD8,$KV8,$LN8,$MF8,$MX8,$NP8,$OH8,$OZ8,$PR8,$QJ8,$RB8,$RT8,$SL8) -> 0 | TE8: =MIN($C8,$U8,$AM8,$BE8,$BW8,$CO8,$DG8,$DY8,$EQ8,$FI8,$GA8,$GS8,$HK8,$IC8,$IU8,$JM8,$KE8,$KW8,$LO8,$MG8,$MY8,$NQ8,$OI8,$PA8,$PS8,$QK8,$RC8,$RU8,$SM8) -> 0 | TF8: =MIN($D8,$V8,$AN8,$BF8,$BX8,$CP8,$DH8,$DZ8,$ER8,$FJ8,$GB8,$GT8,$HL8,$ID8,$IV8,$JN8,$KF8,$KX8,$LP8,$MH8,$MZ8,$NR8,$OJ8,$PB8,$PT8,$QL8,$RD8,$RV8,$SN8) -> 0 | TG8: =MIN($E8,$W8,$AO8,$BG8,$BY8,$CQ8,$DI8,$EA8,$ES8,$FK8,$GC8,$GU8,$HM8,$IE8,$IW8,$JO8,$KG8,$KY8,$LQ8,$MI8,$NA8,$NS8,$OK8,$PC8,$PU8,$QM8,$RE8,$RW8,$SO8) -> 0 | TH8: =MIN($F8,$X8,$AP8,$BH8,$BZ8,$CR8,$DJ8,$EB8,$ET8,$FL8,$GD8,$GV8,$HN8,$IF8,$IX8,$JP8,$KH8,$KZ8,$LR8,$MJ8,$NB8,$NT8,$OL8,$PD8,$PV8,$QN8,$RF8,$RX8,$SP8) -> 0 | TI8: =MIN($G8,$Y8,$AQ8,$BI8,$CA8,$CS8,$DK8,$EC8,$EU8,$FM8,$GE8,$GW8,$HO8,$IG8,$IY8,$JQ8,$KI8,$LA8,$LS8,$MK8,$NC8,$NU8,$OM8,$PE8,$PW8,$QO8,$RG8,$RY8,$SQ8) -> 0 | TJ8: =MIN($H8,$Z8,$AR8,$BJ8,$CB8,$CT8,$DL8,$ED8,$EV8,$FN8,$GF8,$GX8,$HP8,$IH8,$IZ8,$JR8,$KJ8,$LB8,$LT8,$ML8,$ND8,$NV8,$ON8,$PF8,$PX8,$QP8,$RH8,$RZ8,$SR8) -> 0 | TK8: =MIN($I8,$AA8,$AS8,$BK8,$CC8,$CU8,$DM8,$EE8,$EW8,$FO8,$GG8,$GY8,$HQ8,$II8,$JA8,$JS8,$KK8,$LC8,$LU8,$MM8,$NE8,$NW8,$OO8,$PG8,$PY8,$QQ8,$RI8,$SA8,$SS8) -> 0 | TL8: =MIN($J8,$AB8,$AT8,$BL8,$CD8,$CV8,$DN8,$EF8,$EX8,$FP8,$GH8,$GZ8,$HR8,$IJ8,$JB8,$JT8,$KL8,$LD8,$LV8,$MN8,$NF8,$NX8,$OP8,$PH8,$PZ8,$QR8,$RJ8,$SB8,$ST8) -> 0 | TM8: =MIN($K8,$AC8,$AU8,$BM8,$CE8,$CW8,$DO8,$EG8,$EY8,$FQ8,$GI8,$HA8,$HS8,$IK8,$JC8,$JU8,$KM8,$LE8,$LW8,$MO8,$NG8,$NY8,$OQ8,$PI8,$QA8,$QS8,$RK8,$SC8,$SU8) -> 0 | TN8: =MIN($L8,$AD8,$AV8,$BN8,$CF8,$CX8,$DP8,$EH8,$EZ8,$FR8,$GJ8,$HB8,$HT8,$IL8,$JD8,$JV8,$KN8,$LF8,$LX8,$MP8,$NH8,$NZ8,$OR8,$PJ8,$QB8,$QT8,$RL8,$SD8,$SV8) -> 0 | TO8: =MIN($M8,$AE8,$AW8,$BO8,$CG8,$CY8,$DQ8,$EI8,$FA8,$FS8,$GK8,$HC8,$HU8,$IM8,$JE8,$JW8,$KO8,$LG8,$LY8,$MQ8,$NI8,$OA8,$OS8,$PK8,$QC8,$QU8,$RM8,$SE8,$SW8) -> 0 | TP8: =MIN($N8,$AF8,$AX8,$BP8,$CH8,$CZ8,$DR8,$EJ8,$FB8,$FT8,$GL8,$HD8,$HV8,$IN8,$JF8,$JX8,$KP8,$LH8,$LZ8,$MR8,$NJ8,$OB8,$OT8,$PL8,$QD8,$QV8,$RN8,$SF8,$SX8) -> 0 | TQ8: =MIN($O8,$AG8,$AY8,$BQ8,$CI8,$DA8,$DS8,$EK8,$FC8,$FU8,$GM8,$HE8,$HW8,$IO8,$JG8,$JY8,$KQ8,$LI8,$MA8,$MS8,$NK8,$OC8,$OU8,$PM8,$QE8,$QW8,$RO8,$SG8,$SY8) -> 0 | TR8: =MIN($Q8,$AI8,$BA8,$BS8,$CK8,$DC8,$DU8,$EM8,$FE8,$FW8,$GO8,$HG8,$HY8,$IQ8,$JI8,$KA8,$KS8,$LK8,$MC8,$MU8,$NM8,$OE8,$OW8,$PO8,$QG8,$QY8,$RQ8,$SI8,$TA8) -> 0 | TS8: =MIN($R8,$AJ8,$BB8,$BT8,$CL8,$DD8,$DV8,$EN8,$FF8,$FX8,$GP8,$HH8,$HZ8,$IR8,$JJ8,$KB8,$KT8,$LL8,$MD8,$MV8,$NN8,$OF8,$OX8,$PP8,$QH8,$QZ8,$RR8,$SJ8,$TB8) -> 0 | TT8: =MIN($S8,$AK8,$BC8,$BU8,$CM8,$DE8,$DW8,$EO8,$FG8,$FY8,$GQ8,$HI8,$IA8,$IS8,$JK8,$KC8,$KU8,$LM8,$ME8,$MW8,$NO8,$OG8,$OY8,$PQ8,$QI8,$RA8,$RS8,$SK8,$TC8) -> 0 | TU8: =MEDIAN($B8,$T8,$AL8,$BD8,$BV8,$CN8,$DF8,$DX8,$EP8,$FH8,$FZ8,$GR8,$HJ8,$IB8,$IT8,$JL8,$KD8,$KV8,$LN8,$MF8,$MX8,$NP8,$OH8,$OZ8,$PR8,$QJ8,$RB8,$RT8,$SL8) -> 0 | TV8: =MEDIAN($C8,$U8,$AM8,$BE8,$BW8,$CO8,$DG8,$DY8,$EQ8,$FI8,$GA8,$GS8,$HK8,$IC8,$IU8,$JM8,$KE8,$KW8,$LO8,$MG8,$MY8,$NQ8,$OI8,$PA8,$PS8,$QK8,$RC8,$RU8,$SM8) -> 0 | TW8: =MEDIAN($D8,$V8,$AN8,$BF8,$BX8,$CP8,$DH8,$DZ8,$ER8,$FJ8,$GB8,$GT8,$HL8,$ID8,$IV8,$JN8,$KF8,$KX8,$LP8,$MH8,$MZ8,$NR8,$OJ8,$PB8,$PT8,$QL8,$RD8,$RV8,$SN8) -> 0 | TX8: =MEDIAN($E8,$W8,$AO8,$BG8,$BY8,$CQ8,$DI8,$EA8,$ES8,$FK8,$GC8,$GU8,$HM8,$IE8,$IW8,$JO8,$KG8,$KY8,$LQ8,$MI8,$NA8,$NS8,$OK8,$PC8,$PU8,$QM8,$RE8,$RW8,$SO8) -> 0 | TY8: =MEDIAN($F8,$X8,$AP8,$BH8,$BZ8,$CR8,$DJ8,$EB8,$ET8,$FL8,$GD8,$GV8,$HN8,$IF8,$IX8,$JP8,$KH8,$KZ8,$LR8,$MJ8,$NB8,$NT8,$OL8,$PD8,$PV8,$QN8,$RF8,$RX8,$SP8) -> 0 | TZ8: =MEDIAN($G8,$Y8,$AQ8,$BI8,$CA8,$CS8,$DK8,$EC8,$EU8,$FM8,$GE8,$GW8,$HO8,$IG8,$IY8,$JQ8,$KI8,$LA8,$LS8,$MK8,$NC8,$NU8,$OM8,$PE8,$PW8,$QO8,$RG8,$RY8,$SQ8) -> 0 | UA8: =MEDIAN($H8,$Z8,$AR8,$BJ8,$CB8,$CT8,$DL8,$ED8,$EV8,$FN8,$GF8,$GX8,$HP8,$IH8,$IZ8,$JR8,$KJ8,$LB8,$LT8,$ML8,$ND8,$NV8,$ON8,$PF8,$PX8,$QP8,$RH8,$RZ8,$SR8) -> 0 | UB8: =MEDIAN($I8,$AA8,$AS8,$BK8,$CC8,$CU8,$DM8,$EE8,$EW8,$FO8,$GG8,$GY8,$HQ8,$II8,$JA8,$JS8,$KK8,$LC8,$LU8,$MM8,$NE8,$NW8,$OO8,$PG8,$PY8,$QQ8,$RI8,$SA8,$SS8) -> 0 | UC8: =MEDIAN($J8,$AB8,$AT8,$BL8,$CD8,$CV8,$DN8,$EF8,$EX8,$FP8,$GH8,$GZ8,$HR8,$IJ8,$JB8,$JT8,$KL8,$LD8,$LV8,$MN8,$NF8,$NX8,$OP8,$PH8,$PZ8,$QR8,$RJ8,$SB8,$ST8) -> 0 | UD8: =MEDIAN($K8,$AC8,$AU8,$BM8,$CE8,$CW8,$DO8,$EG8,$EY8,$FQ8,$GI8,$HA8,$HS8,$IK8,$JC8,$JU8,$KM8,$LE8,$LW8,$MO8,$NG8,$NY8,$OQ8,$PI8,$QA8,$QS8,$RK8,$SC8,$SU8) -> 0 | UE8: =MEDIAN($L8,$AD8,$AV8,$BN8,$CF8,$CX8,$DP8,$EH8,$EZ8,$FR8,$GJ8,$HB8,$HT8,$IL8,$JD8,$JV8,$KN8,$LF8,$LX8,$MP8,$NH8,$NZ8,$OR8,$PJ8,$QB8,$QT8,$RL8,$SD8,$SV8) -> 0 | UF8: =MEDIAN($M8,$AE8,$AW8,$BO8,$CG8,$CY8,$DQ8,$EI8,$FA8,$FS8,$GK8,$HC8,$HU8,$IM8,$JE8,$JW8,$KO8,$LG8,$LY8,$MQ8,$NI8,$OA8,$OS8,$PK8,$QC8,$QU8,$RM8,$SE8,$SW8) -> 0 | UG8: =MEDIAN($N8,$AF8,$AX8,$BP8,$CH8,$CZ8,$DR8,$EJ8,$FB8,$FT8,$GL8,$HD8,$HV8,$IN8,$JF8,$JX8,$KP8,$LH8,$LZ8,$MR8,$NJ8,$OB8,$OT8,$PL8,$QD8,$QV8,$RN8,$SF8,$SX8) -> 0 | UH8: =MEDIAN($O8,$AG8,$AY8,$BQ8,$CI8,$DA8,$DS8,$EK8,$FC8,$FU8,$GM8,$HE8,$HW8,$IO8,$JG8,$JY8,$KQ8,$LI8,$MA8,$MS8,$NK8,$OC8,$OU8,$PM8,$QE8,$QW8,$RO8,$SG8,$SY8) -> 0 | UI8: =MEDIAN($Q8,$AI8,$BA8,$BS8,$CK8,$DC8,$DU8,$EM8,$FE8,$FW8,$GO8,$HG8,$HY8,$IQ8,$JI8,$KA8,$KS8,$LK8,$MC8,$MU8,$NM8,$OE8,$OW8,$PO8,$QG8,$QY8,$RQ8,$SI8,$TA8) -> 0 | UJ8: =MEDIAN($R8,$AJ8,$BB8,$BT8,$CL8,$DD8,$DV8,$EN8,$FF8,$FX8,$GP8,$HH8,$HZ8,$IR8,$JJ8,$KB8,$KT8,$LL8,$MD8,$MV8,$NN8,$OF8,$OX8,$PP8,$QH8,$QZ8,$RR8,$SJ8,$TB8) -> 0 | UK8: =MEDIAN($S8,$AK8,$BC8,$BU8,$CM8,$DE8,$DW8,$EO8,$FG8,$FY8,$GQ8,$HI8,$IA8,$IS8,$JK8,$KC8,$KU8,$LM8,$ME8,$MW8,$NO8,$OG8,$OY8,$PQ8,$QI8,$RA8,$RS8,$SK8,$TC8) -> 0 | UL8: =MAX($B8,$T8,$AL8,$BD8,$BV8,$CN8,$DF8,$DX8,$EP8,$FH8,$FZ8,$GR8,$HJ8,$IB8,$IT8,$JL8,$KD8,$KV8,$LN8,$MF8,$MX8,$NP8,$OH8,$OZ8,$PR8,$QJ8,$RB8,$RT8,$SL8) -> 0 | UM8: =MAX($C8,$U8,$AM8,$BE8,$BW8,$CO8,$DG8,$DY8,$EQ8,$FI8,$GA8,$GS8,$HK8,$IC8,$IU8,$JM8,$KE8,$KW8,$LO8,$MG8,$MY8,$NQ8,$OI8,$PA8,$PS8,$QK8,$RC8,$RU8,$SM8) -> 0 | UN8: =MAX($D8,$V8,$AN8,$BF8,$BX8,$CP8,$DH8,$DZ8,$ER8,$FJ8,$GB8,$GT8,$HL8,$ID8,$IV8,$JN8,$KF8,$KX8,$LP8,$MH8,$MZ8,$NR8,$OJ8,$PB8,$PT8,$QL8,$RD8,$RV8,$SN8) -> 0 | UO8: =MAX($E8,$W8,$AO8,$BG8,$BY8,$CQ8,$DI8,$EA8,$ES8,$FK8,$GC8,$GU8,$HM8,$IE8,$IW8,$JO8,$KG8,$KY8,$LQ8,$MI8,$NA8,$NS8,$OK8,$PC8,$PU8,$QM8,$RE8,$RW8,$SO8) -> 0 | UP8: =MAX($F8,$X8,$AP8,$BH8,$BZ8,$CR8,$DJ8,$EB8,$ET8,$FL8,$GD8,$GV8,$HN8,$IF8,$IX8,$JP8,$KH8,$KZ8,$LR8,$MJ8,$NB8,$NT8,$OL8,$PD8,$PV8,$QN8,$RF8,$RX8,$SP8) -> 0 | UQ8: =MAX($G8,$Y8,$AQ8,$BI8,$CA8,$CS8,$DK8,$EC8,$EU8,$FM8,$GE8,$GW8,$HO8,$IG8,$IY8,$JQ8,$KI8,$LA8,$LS8,$MK8,$NC8,$NU8,$OM8,$PE8,$PW8,$QO8,$RG8,$RY8,$SQ8) -> 0 | UR8: =MAX($H8,$Z8,$AR8,$BJ8,$CB8,$CT8,$DL8,$ED8,$EV8,$FN8,$GF8,$GX8,$HP8,$IH8,$IZ8,$JR8,$KJ8,$LB8,$LT8,$ML8,$ND8,$NV8,$ON8,$PF8,$PX8,$QP8,$RH8,$RZ8,$SR8) -> 0 | US8: =MAX($I8,$AA8,$AS8,$BK8,$CC8,$CU8,$DM8,$EE8,$EW8,$FO8,$GG8,$GY8,$HQ8,$II8,$JA8,$JS8,$KK8,$LC8,$LU8,$MM8,$NE8,$NW8,$OO8,$PG8,$PY8,$QQ8,$RI8,$SA8,$SS8) -> 0 | UT8: =MAX($J8,$AB8,$AT8,$BL8,$CD8,$CV8,$DN8,$EF8,$EX8,$FP8,$GH8,$GZ8,$HR8,$IJ8,$JB8,$JT8,$KL8,$LD8,$LV8,$MN8,$NF8,$NX8,$OP8,$PH8,$PZ8,$QR8,$RJ8,$SB8,$ST8) -> 0 | UU8: =MAX($K8,$AC8,$AU8,$BM8,$CE8,$CW8,$DO8,$EG8,$EY8,$FQ8,$GI8,$HA8,$HS8,$IK8,$JC8,$JU8,$KM8,$LE8,$LW8,$MO8,$NG8,$NY8,$OQ8,$PI8,$QA8,$QS8,$RK8,$SC8,$SU8) -> 0 | UV8: =MAX($L8,$AD8,$AV8,$BN8,$CF8,$CX8,$DP8,$EH8,$EZ8,$FR8,$GJ8,$HB8,$HT8,$IL8,$JD8,$JV8,$KN8,$LF8,$LX8,$MP8,$NH8,$NZ8,$OR8,$PJ8,$QB8,$QT8,$RL8,$SD8,$SV8) -> 0 | UW8: =MAX($M8,$AE8,$AW8,$BO8,$CG8,$CY8,$DQ8,$EI8,$FA8,$FS8,$GK8,$HC8,$HU8,$IM8,$JE8,$JW8,$KO8,$LG8,$LY8,$MQ8,$NI8,$OA8,$OS8,$PK8,$QC8,$QU8,$RM8,$SE8,$SW8) -> 0 | UX8: =MAX($N8,$AF8,$AX8,$BP8,$CH8,$CZ8,$DR8,$EJ8,$FB8,$FT8,$GL8,$HD8,$HV8,$IN8,$JF8,$JX8,$KP8,$LH8,$LZ8,$MR8,$NJ8,$OB8,$OT8,$PL8,$QD8,$QV8,$RN8,$SF8,$SX8) -> 0 | UY8: =MAX($O8,$AG8,$AY8,$BQ8,$CI8,$DA8,$DS8,$EK8,$FC8,$FU8,$GM8,$HE8,$HW8,$IO8,$JG8,$JY8,$KQ8,$LI8,$MA8,$MS8,$NK8,$OC8,$OU8,$PM8,$QE8,$QW8,$RO8,$SG8,$SY8) -> 0 | UZ8: =MAX($Q8,$AI8,$BA8,$BS8,$CK8,$DC8,$DU8,$EM8,$FE8,$FW8,$GO8,$HG8,$HY8,$IQ8,$JI8,$KA8,$KS8,$LK8,$MC8,$MU8,$NM8,$OE8,$OW8,$PO8,$QG8,$QY8,$RQ8,$SI8,$TA8) -> 0 | VA8: =MAX($R8,$AJ8,$BB8,$BT8,$CL8,$DD8,$DV8,$EN8,$FF8,$FX8,$GP8,$HH8,$HZ8,$IR8,$JJ8,$KB8,$KT8,$LL8,$MD8,$MV8,$NN8,$OF8,$OX8,$PP8,$QH8,$QZ8,$RR8,$SJ8,$TB8) -> 0 | VB8: =MAX($S8,$AK8,$BC8,$BU8,$CM8,$DE8,$DW8,$EO8,$FG8,$FY8,$GQ8,$HI8,$IA8,$IS8,$JK8,$KC8,$KU8,$LM8,$ME8,$MW8,$NO8,$OG8,$OY8,$PQ8,$QI8,$RA8,$RS8,$SK8,$TC8) -> 0
A9: ./bsp-0070 | G9: 0 | I9: 174 | J9: 0 | L9: 1.95 | P9: SATISFIABLE | Q9: 1.95 | R9: 0 | AQ9: 0 | AS9: 1311 | AT9: 0 | AV9: 1200 | BA9: 600 | BB9: 1 | BD9: 27546 | BE9: 5361924 | BF9: 599.985 | BG9: 4654136 | BH9: 6193318 | BI9: 0 | BJ9: 14.975 | BK9: 881 | BL9: 0 | BM9: 0 | BN9: 1200 | BO9: 11731 | BP9: 6548740 | BQ9: 585.01 | BR9: UNKNOWN | BS9: 600 | BT9: 1 | BU9: 10082 | BV9: 7669 | BW9: 44 | BX9: 0.64 | BY9: 0 | BZ9: 5390 | CA9: 0 | CB9: 0.63 | CC9: 64 | CD9: 0 | CE9: 1 | CF9: 0.67 | CG9: 0 | CH9: 355778 | CI9: 0.01 | CJ9: SATISFIABLE | CK9: 0.67 | CL9: 0 | CM9: 5109 | CN9: 34998 | CO9: 44451 | CP9: 19.233 | CQ9: 34150 | CR9: 6193466 | CS9: 0 | CT9: 15.173 | CU9: 863 | CV9: 0 | CW9: 1 | CX9: 19.46 | CY9: 163 | CZ9: 6556330 | DA9: 4.06 | DB9: SATISFIABLE | DC9: 19.46 | DD9: 0 | DE9: 10086 | DF9: 15121 | DG9: 38 | DH9: 0.527 | DI9: 2 | DJ9: 20428 | DK9: 0 | DL9: 0.517 | DM9: 46 | DN9: 0 | DO9: 1 | DP9: 0.56 | DQ9: 0 | DR9: 363298 | DS9: 0.01 | DT9: SATISFIABLE | DU9: 0.56 | DV9: 0 | DW9: 10077 | DX9: 34998 | DY9: 21202 | DZ9: 20.951 | EA9: 15463 | EB9: 7237586 | EC9: 0 | ED9: 16.011 | EE9: 982 | EF9: 0 | EG9: 1 | EH9: 21.03 | EI9: 90 | EJ9: 6556330 | EK9: 4.94 | EL9: SATISFIABLE | EM9: 21.03 | EN9: 0 | EO9: 358126 | EP9: 15121 | EQ9: 40 | ER9: 1.056 | ES9: 1 | ET9: 1064128 | EU9: 0 | EV9: 1.036 | EW9: 158 | EX9: 0 | EY9: 1 | EZ9: 1.1 | FA9: 0 | FB9: 363298 | FC9: 0.02 | FD9: SATISFIABLE | FE9: 1.1 | FF9: 0 | FG9: 357977 | FH9: 20090 | FI9: 9057 | FJ9: 15.601 | FK9: 6214 | FL9: 6193036 | FM9: 0 | FN9: 14.761 | FO9: 846 | FP9: 0 | FQ9: 1 | FR9: 15.66 | FS9: 44 | FT9: 6193106 | FU9: 0.84 | FV9: SATISFIABLE | FW9: 15.66 | FX9: 0 | FY9: 10010 | FZ9: 213 | GA9: 22 | GB9: 0.001 | GC9: 0 | GD9: 2 | GE9: 0 | GF9: 0.001 | GG9: 0 | GH9: 0 | GI9: 1 | GJ9: 0.04 | GK9: 0 | GL9: 214 | GM9: 0 | GN9: SATISFIABLE | GO9: 0.04 | GP9: 0 | GQ9: 71 | GR9: 20092 | GS9: 70 | GT9: 14.357 | GU9: 0 | GV9: 6193036 | GW9: 0 | GX9: 14.347 | GY9: 845 | GZ9: 0 | HA9: 1 | HB9: 14.42 | HC9: 0 | HD9: 6193108 | HE9: 0.01 | HF9: SATISFIABLE | HG9: 14.42 | HH9: 0 | HI9: 10010 | HJ9: 383040 | HK9: 25628 | HL9: 599.986 | HM9: 18774 | HN9: 7237446 | HO9: 0 | HP9: 17.156 | HQ9: 1255 | HR9: 0 | HS9: 0 | HT9: 1200 | HU9: 108 | HV9: 6556332 | HW9: 582.83 | HX9: UNKNOWN | HY9: 600 | HZ9: 1 | IA9: 358056 | IB9: 215 | IC9: 68 | ID9: 0.002 | IE9: 0 | IF9: 2 | IG9: 0 | IH9: 0.002 | II9: 0 | IJ9: 0 | IK9: 1 | IL9: 0.03 | IM9: 0 | IN9: 216 | IO9: 0 | IP9: SATISFIABLE | IQ9: 0.03 | IR9: 0 | IS9: 71 | IT9: 20092 | IU9: 9057 | IV9: 16.24 | IW9: 6214 | IX9: 6193036 | IY9: 0 | IZ9: 15.15 | JA9: 846 | JB9: 0 | JC9: 1 | JD9: 16.31 | JE9: 44 | JF9: 6193108 | JG9: 1.09 | JH9: SATISFIABLE | JI9: 16.31 | JJ9: 0 | JK9: 10010 | JL9: 215 | JM9: 22 | JN9: 0.019 | JO9: 0 | JP9: 2 | JQ9: 0 | JR9: 0.019 | JS9: 0 | JT9: 0 | JU9: 1 | JV9: 0.1 | JW9: 0 | JX9: 216 | JY9: 0 | JZ9: SATISFIABLE | KA9: 0.1 | KB9: 0 | KC9: 71 | KD9: 27546 | KE9: 4988170 | KF9: 599.982 | KG9: 4339738 | KH9: 6193318 | KI9: 0 | KJ9: 15.822 | KK9: 882 | KL9: 0 | KM9: 0 | KN9: 1200 | KO9: 10747 | KP9: 6548740 | KQ9: 584.16 | KR9: UNKNOWN | KS9: 600 | KT9: 1 | KU9: 10082 | KV9: 7669 | KW9: 44 | KX9: 0.636 | KY9: 0 | KZ9: 5390 | LA9: 0 | LB9: 0.626 | LC9: 64 | LD9: 0 | LE9: 1 | LF9: 0.67 | LG9: 0 | LH9: 355778 | LI9: 0.01 | LJ9: SATISFIABLE | LK9: 0.67 | LL9: 0 | LM9: 5109 | LN9: 34998 | LO9: 44451 | LP9: 19.901 | LQ9: 34150 | LR9: 6193466 | LS9: 0 | LT9: 15.731 | LU9: 864 | LV9: 0 | LW9: 1 | LX9: 20.01 | LY9: 163 | LZ9: 6556330 | MA9: 4.17 | MB9: SATISFIABLE | MC9: 20.01 | MD9: 0 | ME9: 10086 | MF9: 15121 | MG9: 38 | MH9: 0.534 | MI9: 2 | MJ9: 20428 | MK9: 0 | ML9: 0.524 | MM9: 43 | MN9: 0 | MO9: 1 | MP9: 0.57 | MQ9: 0 | MR9: 363298 | MS9: 0.01 | MT9: SATISFIABLE | MU9: 0.57 | MV9: 0 | MW9: 10077 | MX9: 34998 | MY9: 21202 | MZ9: 20.412 | NA9: 15463 | NB9: 7237586 | NC9: 0 | ND9: 15.492 | NE9: 991 | NF9: 0 | NG9: 1 | NH9: 20.5 | NI9: 90 | NJ9: 6556330 | NK9: 4.92 | NL9: SATISFIABLE | NM9: 20.5 | NN9: 0 | NO9: 358126 | NP9: 15121 | NQ9: 40 | NR9: 1.034 | NS9: 1 | NT9: 1064128 | NU9: 0 | NV9: 1.014 | NW9: 159 | NX9: 0 | NY9: 1 | NZ9: 1.08 | OA9: 0 | OB9: 363298 | OC9: 0.02 | OD9: SATISFIABLE | OE9: 1.08 | OF9: 0 | OG9: 357977 | OH9: 20090 | OI9: 9057 | OJ9: 15.477 | OK9: 6214 | OL9: 6193036 | OM9: 0 | ON9: 14.587 | OO9: 847 | OP9: 0 | OQ9: 1 | OR9: 15.55 | OS9: 44 | OT9: 6193106 | OU9: 0.89 | OV9: SATISFIABLE | OW9: 15.55 | OX9: 0 | OY9: 10010 | OZ9: 213 | PA9: 22 | PB9: 0.002 | PC9: 0 | PD9: 2 | PE9: 0 | PF9: 0.002 | PG9: 0 | PH9: 0 | PI9: 1 | PJ9: 0.03 | PK9: 0 | PL9: 214 | PM9: 0 | PN9: SATISFIABLE | PO9: 0.03 | PP9: 0 | PQ9: 71 | PR9: 20093 | PS9: 70 | PT9: 14.893 | PU9: 0 | PV9: 6193036 | PW9: 0 | PX9: 14.873 | PY9: 850 | PZ9: 0 | QA9: 1 | QB9: 14.98 | QC9: 0 | QD9: 6193109 | QE9: 0.02 | QF9: SATISFIABLE | QG9: 14.98 | QH9: 0 | QI9: 10010 | QJ9: 383041 | QK9: 47143 | QL9: 291.731 | QM9: 35626 | QN9: 7237446 | QO9: 0 | QP9: 26.661 | QQ9: 1170 | QR9: 0 | QS9: 1 | QT9: 292.41 | QU9: 182 | QV9: 6556333 | QW9: 265.07 | QX9: SATISFIABLE | QY9: 292.41 | QZ9: 0 | RA9: 358056 | RB9: 216 | RC9: 68 | RD9: 0.042 | RE9: 0 | RF9: 2 | RG9: 0 | RH9: 0.022 | RI9: 0 | RJ9: 0 | RK9: 1 | RL9: 0.07 | RM9: 0 | RN9: 217 | RO9: 0.02 | RP9: SATISFIABLE | RQ9: 0.07 | RR9: 0 | RS9: 71 | RT9: 20093 | RU9: 9057 | RV9: 16.129 | RW9: 6214 | RX9: 6193036 | RY9: 0 | RZ9: 14.899 | SA9: 850 | SB9: 0 | SC9: 1 | SD9: 16.21 | SE9: 44 | SF9: 6193109 | SG9: 1.23 | SH9: SATISFIABLE | SI9: 16.21 | SJ9: 0 | SK9: 10010 | SL9: 216 | SM9: 22 | SN9: 0.031 | SO9: 0 | SP9: 2 | SQ9: 0 | SR9: 0.031 | SS9: 0 | ST9: 0 | SU9: 1 | SV9: 0.07 | SW9: 0 | SX9: 217 | SY9: 0 | SZ9: SATISFIABLE | TA9: 0.07 | TB9: 0 | TC9: 71 | TD9: =MIN($B9,$T9,$AL9,$BD9,$BV9,$CN9,$DF9,$DX9,$EP9,$FH9,$FZ9,$GR9,$HJ9,$IB9,$IT9,$JL9,$KD9,$KV9,$LN9,$MF9,$MX9,$NP9,$OH9,$OZ9,$PR9,$QJ9,$RB9,$RT9,$SL9) -> 0 | TE9: =MIN($C9,$U9,$AM9,$BE9,$BW9,$CO9,$DG9,$DY9,$EQ9,$FI9,$GA9,$GS9,$HK9,$IC9,$IU9,$JM9,$KE9,$KW9,$LO9,$MG9,$MY9,$NQ9,$OI9,$PA9,$PS9,$QK9,$RC9,$RU9,$SM9) -> 0 | TF9: =MIN($D9,$V9,$AN9,$BF9,$BX9,$CP9,$DH9,$DZ9,$ER9,$FJ9,$GB9,$GT9,$HL9,$ID9,$IV9,$JN9,$KF9,$KX9,$LP9,$MH9,$MZ9,$NR9,$OJ9,$PB9,$PT9,$QL9,$RD9,$RV9,$SN9) -> 0 | TG9: =MIN($E9,$W9,$AO9,$BG9,$BY9,$CQ9,$DI9,$EA9,$ES9,$FK9,$GC9,$GU9,$HM9,$IE9,$IW9,$JO9,$KG9,$KY9,$LQ9,$MI9,$NA9,$NS9,$OK9,$PC9,$PU9,$QM9,$RE9,$RW9,$SO9) -> 0 | TH9: =MIN($F9,$X9,$AP9,$BH9,$BZ9,$CR9,$DJ9,$EB9,$ET9,$FL9,$GD9,$GV9,$HN9,$IF9,$IX9,$JP9,$KH9,$KZ9,$LR9,$MJ9,$NB9,$NT9,$OL9,$PD9,$PV9,$QN9,$RF9,$RX9,$SP9) -> 0 | TI9: =MIN($G9,$Y9,$AQ9,$BI9,$CA9,$CS9,$DK9,$EC9,$EU9,$FM9,$GE9,$GW9,$HO9,$IG9,$IY9,$JQ9,$KI9,$LA9,$LS9,$MK9,$NC9,$NU9,$OM9,$PE9,$PW9,$QO9,$RG9,$RY9,$SQ9) -> 0 | TJ9: =MIN($H9,$Z9,$AR9,$BJ9,$CB9,$CT9,$DL9,$ED9,$EV9,$FN9,$GF9,$GX9,$HP9,$IH9,$IZ9,$JR9,$KJ9,$LB9,$LT9,$ML9,$ND9,$NV9,$ON9,$PF9,$PX9,$QP9,$RH9,$RZ9,$SR9) -> 0 | TK9: =MIN($I9,$AA9,$AS9,$BK9,$CC9,$CU9,$DM9,$EE9,$EW9,$FO9,$GG9,$GY9,$HQ9,$II9,$JA9,$JS9,$KK9,$LC9,$LU9,$MM9,$NE9,$NW9,$OO9,$PG9,$PY9,$QQ9,$RI9,$SA9,$SS9) -> 0 | TL9: =MIN($J9,$AB9,$AT9,$BL9,$CD9,$CV9,$DN9,$EF9,$EX9,$FP9,$GH9,$GZ9,$HR9,$IJ9,$JB9,$JT9,$KL9,$LD9,$LV9,$MN9,$NF9,$NX9,$OP9,$PH9,$PZ9,$QR9,$RJ9,$SB9,$ST9) -> 0 | TM9: =MIN($K9,$AC9,$AU9,$BM9,$CE9,$CW9,$DO9,$EG9,$EY9,$FQ9,$GI9,$HA9,$HS9,$IK9,$JC9,$JU9,$KM9,$LE9,$LW9,$MO9,$NG9,$NY9,$OQ9,$PI9,$QA9,$QS9,$RK9,$SC9,$SU9) -> 0 | TN9: =MIN($L9,$AD9,$AV9,$BN9,$CF9,$CX9,$DP9,$EH9,$EZ9,$FR9,$GJ9,$HB9,$HT9,$IL9,$JD9,$JV9,$KN9,$LF9,$LX9,$MP9,$NH9,$NZ9,$OR9,$PJ9,$QB9,$QT9,$RL9,$SD9,$SV9) -> 0 | TO9: =MIN($M9,$AE9,$AW9,$BO9,$CG9,$CY9,$DQ9,$EI9,$FA9,$FS9,$GK9,$HC9,$HU9,$IM9,$JE9,$JW9,$KO9,$LG9,$LY9,$MQ9,$NI9,$OA9,$OS9,$PK9,$QC9,$QU9,$RM9,$SE9,$SW9) -> 0 | TP9: =MIN($N9,$AF9,$AX9,$BP9,$CH9,$CZ9,$DR9,$EJ9,$FB9,$FT9,$GL9,$HD9,$HV9,$IN9,$JF9,$JX9,$KP9,$LH9,$LZ9,$MR9,$NJ9,$OB9,$OT9,$PL9,$QD9,$QV9,$RN9,$SF9,$SX9) -> 0 | TQ9: =MIN($O9,$AG9,$AY9,$BQ9,$CI9,$DA9,$DS9,$EK9,$FC9,$FU9,$GM9,$HE9,$HW9,$IO9,$JG9,$JY9,$KQ9,$LI9,$MA9,$MS9,$NK9,$OC9,$OU9,$PM9,$QE9,$QW9,$RO9,$SG9,$SY9) -> 0 | TR9: =MIN($Q9,$AI9,$BA9,$BS9,$CK9,$DC9,$DU9,$EM9,$FE9,$FW9,$GO9,$HG9,$HY9,$IQ9,$JI9,$KA9,$KS9,$LK9,$MC9,$MU9,$NM9,$OE9,$OW9,$PO9,$QG9,$QY9,$RQ9,$SI9,$TA9) -> 0 | TS9: =MIN($R9,$AJ9,$BB9,$BT9,$CL9,$DD9,$DV9,$EN9,$FF9,$FX9,$GP9,$HH9,$HZ9,$IR9,$JJ9,$KB9,$KT9,$LL9,$MD9,$MV9,$NN9,$OF9,$OX9,$PP9,$QH9,$QZ9,$RR9,$SJ9,$TB9) -> 0 | TT9: =MIN($S9,$AK9,$BC9,$BU9,$CM9,$DE9,$DW9,$EO9,$FG9,$FY9,$GQ9,$HI9,$IA9,$IS9,$JK9,$KC9,$KU9,$LM9,$ME9,$MW9,$NO9,$OG9,$OY9,$PQ9,$QI9,$RA9,$RS9,$SK9,$TC9) -> 0 | TU9: =MEDIAN($B9,$T9,$AL9,$BD9,$BV9,$CN9,$DF9,$DX9,$EP9,$FH9,$FZ9,$GR9,$HJ9,$IB9,$IT9,$JL9,$KD9,$KV9,$LN9,$MF9,$MX9,$NP9,$OH9,$OZ9,$PR9,$QJ9,$RB9,$RT9,$SL9) -> 0 | TV9: =MEDIAN($C9,$U9,$AM9,$BE9,$BW9,$CO9,$DG9,$DY9,$EQ9,$FI9,$GA9,$GS9,$HK9,$IC9,$IU9,$JM9,$KE9,$KW9,$LO9,$MG9,$MY9,$NQ9,$OI9,$PA9,$PS9,$QK9,$RC9,$RU9,$SM9) -> 0 | TW9: =MEDIAN($D9,$V9,$AN9,$BF9,$BX9,$CP9,$DH9,$DZ9,$ER9,$FJ9,$GB9,$GT9,$HL9,$ID9,$IV9,$JN9,$KF9,$KX9,$LP9,$MH9,$MZ9,$NR9,$OJ9,$PB9,$PT9,$QL9,$RD9,$RV9,$SN9) -> 0 | TX9: =MEDIAN($E9,$W9,$AO9,$BG9,$BY9,$CQ9,$DI9,$EA9,$ES9,$FK9,$GC9,$GU9,$HM9,$IE9,$IW9,$JO9,$KG9,$KY9,$LQ9,$MI9,$NA9,$NS9,$OK9,$PC9,$PU9,$QM9,$RE9,$RW9,$SO9) -> 0 | TY9: =MEDIAN($F9,$X9,$AP9,$BH9,$BZ9,$CR9,$DJ9,$EB9,$ET9,$FL9,$GD9,$GV9,$HN9,$IF9,$IX9,$JP9,$KH9,$KZ9,$LR9,$MJ9,$NB9,$NT9,$OL9,$PD9,$PV9,$QN9,$RF9,$RX9,$SP9) -> 0 | TZ9: =MEDIAN($G9,$Y9,$AQ9,$BI9,$CA9,$CS9,$DK9,$EC9,$EU9,$FM9,$GE9,$GW9,$HO9,$IG9,$IY9,$JQ9,$KI9,$LA9,$LS9,$MK9,$NC9,$NU9,$OM9,$PE9,$PW9,$QO9,$RG9,$RY9,$SQ9) -> 0 | UA9: =MEDIAN($H9,$Z9,$AR9,$BJ9,$CB9,$CT9,$DL9,$ED9,$EV9,$FN9,$GF9,$GX9,$HP9,$IH9,$IZ9,$JR9,$KJ9,$LB9,$LT9,$ML9,$ND9,$NV9,$ON9,$PF9,$PX9,$QP9,$RH9,$RZ9,$SR9) -> 0 | UB9: =MEDIAN($I9,$AA9,$AS9,$BK9,$CC9,$CU9,$DM9,$EE9,$EW9,$FO9,$GG9,$GY9,$HQ9,$II9,$JA9,$JS9,$KK9,$LC9,$LU9,$MM9,$NE9,$NW9,$OO9,$PG9,$PY9,$QQ9,$RI9,$SA9,$SS9) -> 0 | UC9: =MEDIAN($J9,$AB9,$AT9,$BL9,$CD9,$CV9,$DN9,$EF9,$EX9,$FP9,$GH9,$GZ9,$HR9,$IJ9,$JB9,$JT9,$KL9,$LD9,$LV9,$MN9,$NF9,$NX9,$OP9,$PH9,$PZ9,$QR9,$RJ9,$SB9,$ST9) -> 0 | UD9: =MEDIAN($K9,$AC9,$AU9,$BM9,$CE9,$CW9,$DO9,$EG9,$EY9,$FQ9,$GI9,$HA9,$HS9,$IK9,$JC9,$JU9,$KM9,$LE9,$LW9,$MO9,$NG9,$NY9,$OQ9,$PI9,$QA9,$QS9,$RK9,$SC9,$SU9) -> 0 | UE9: =MEDIAN($L9,$AD9,$AV9,$BN9,$CF9,$CX9,$DP9,$EH9,$EZ9,$FR9,$GJ9,$HB9,$HT9,$IL9,$JD9,$JV9,$KN9,$LF9,$LX9,$MP9,$NH9,$NZ9,$OR9,$PJ9,$QB9,$QT9,$RL9,$SD9,$SV9) -> 0 | UF9: =MEDIAN($M9,$AE9,$AW9,$BO9,$CG9,$CY9,$DQ9,$EI9,$FA9,$FS9,$GK9,$HC9,$HU9,$IM9,$JE9,$JW9,$KO9,$LG9,$LY9,$MQ9,$NI9,$OA9,$OS9,$PK9,$QC9,$QU9,$RM9,$SE9,$SW9) -> 0 | UG9: =MEDIAN($N9,$AF9,$AX9,$BP9,$CH9,$CZ9,$DR9,$EJ9,$FB9,$FT9,$GL9,$HD9,$HV9,$IN9,$JF9,$JX9,$KP9,$LH9,$LZ9,$MR9,$NJ9,$OB9,$OT9,$PL9,$QD9,$QV9,$RN9,$SF9,$SX9) -> 0 | UH9: =MEDIAN($O9,$AG9,$AY9,$BQ9,$CI9,$DA9,$DS9,$EK9,$FC9,$FU9,$GM9,$HE9,$HW9,$IO9,$JG9,$JY9,$KQ9,$LI9,$MA9,$MS9,$NK9,$OC9,$OU9,$PM9,$QE9,$QW9,$RO9,$SG9,$SY9) -> 0 | UI9: =MEDIAN($Q9,$AI9,$BA9,$BS9,$CK9,$DC9,$DU9,$EM9,$FE9,$FW9,$GO9,$HG9,$HY9,$IQ9,$JI9,$KA9,$KS9,$LK9,$MC9,$MU9,$NM9,$OE9,$OW9,$PO9,$QG9,$QY9,$RQ9,$SI9,$TA9) -> 0 | UJ9: =MEDIAN($R9,$AJ9,$BB9,$BT9,$CL9,$DD9,$DV9,$EN9,$FF9,$FX9,$GP9,$HH9,$HZ9,$IR9,$JJ9,$KB9,$KT9,$LL9,$MD9,$MV9,$NN9,$OF9,$OX9,$PP9,$QH9,$QZ9,$RR9,$SJ9,$TB9) -> 0 | UK9: =MEDIAN($S9,$AK9,$BC9,$BU9,$CM9,$DE9,$DW9,$EO9,$FG9,$FY9,$GQ9,$HI9,$IA9,$IS9,$JK9,$KC9,$KU9,$LM9,$ME9,$MW9,$NO9,$OG9,$OY9,$PQ9,$QI9,$RA9,$RS9,$SK9,$TC9) -> 0 | UL9: =MAX($B9,$T9,$AL9,$BD9,$BV9,$CN9,$DF9,$DX9,$EP9,$FH9,$FZ9,$GR9,$HJ9,$IB9,$IT9,$JL9,$KD9,$KV9,$LN9,$MF9,$MX9,$NP9,$OH9,$OZ9,$PR9,$QJ9,$RB9,$RT9,$SL9) -> 0 | UM9: =MAX($C9,$U9,$AM9,$BE9,$BW9,$CO9,$DG9,$DY9,$EQ9,$FI9,$GA9,$GS9,$HK9,$IC9,$IU9,$JM9,$KE9,$KW9,$LO9,$MG9,$MY9,$NQ9,$OI9,$PA9,$PS9,$QK9,$RC9,$RU9,$SM9) -> 0 | UN9: =MAX($D9,$V9,$AN9,$BF9,$BX9,$CP9,$DH9,$DZ9,$ER9,$FJ9,$GB9,$GT9,$HL9,$ID9,$IV9,$JN9,$KF9,$KX9,$LP9,$MH9,$MZ9,$NR9,$OJ9,$PB9,$PT9,$QL9,$RD9,$RV9,$SN9) -> 0 | UO9: =MAX($E9,$W9,$AO9,$BG9,$BY9,$CQ9,$DI9,$EA9,$ES9,$FK9,$GC9,$GU9,$HM9,$IE9,$IW9,$JO9,$KG9,$KY9,$LQ9,$MI9,$NA9,$NS9,$OK9,$PC9,$PU9,$QM9,$RE9,$RW9,$SO9) -> 0 | UP9: =MAX($F9,$X9,$AP9,$BH9,$BZ9,$CR9,$DJ9,$EB9,$ET9,$FL9,$GD9,$GV9,$HN9,$IF9,$IX9,$JP9,$KH9,$KZ9,$LR9,$MJ9,$NB9,$NT9,$OL9,$PD9,$PV9,$QN9,$RF9,$RX9,$SP9) -> 0 | UQ9: =MAX($G9,$Y9,$AQ9,$BI9,$CA9,$CS9,$DK9,$EC9,$EU9,$FM9,$GE9,$GW9,$HO9,$IG9,$IY9,$JQ9,$KI9,$LA9,$LS9,$MK9,$NC9,$NU9,$OM9,$PE9,$PW9,$QO9,$RG9,$RY9,$SQ9) -> 0 | UR9: =MAX($H9,$Z9,$AR9,$BJ9,$CB9,$CT9,$DL9,$ED9,$EV9,$FN9,$GF9,$GX9,$HP9,$IH9,$IZ9,$JR9,$KJ9,$LB9,$LT9,$ML9,$ND9,$NV9,$ON9,$PF9,$PX9,$QP9,$RH9,$RZ9,$SR9) -> 0 | US9: =MAX($I9,$AA9,$AS9,$BK9,$CC9,$CU9,$DM9,$EE9,$EW9,$FO9,$GG9,$GY9,$HQ9,$II9,$JA9,$JS9,$KK9,$LC9,$LU9,$MM9,$NE9,$NW9,$OO9,$PG9,$PY9,$QQ9,$RI9,$SA9,$SS9) -> 0 | UT9: =MAX($J9,$AB9,$AT9,$BL9,$CD9,$CV9,$DN9,$EF9,$EX9,$FP9,$GH9,$GZ9,$HR9,$IJ9,$JB9,$JT9,$KL9,$LD9,$LV9,$MN9,$NF9,$NX9,$OP9,$PH9,$PZ9,$QR9,$RJ9,$SB9,$ST9) -> 0 | UU9: =MAX($K9,$AC9,$AU9,$BM9,$CE9,$CW9,$DO9,$EG9,$EY9,$FQ9,$GI9,$HA9,$HS9,$IK9,$JC9,$JU9,$KM9,$LE9,$LW9,$MO9,$NG9,$NY9,$OQ9,$PI9,$QA9,$QS9,$RK9,$SC9,$SU9) -> 0 | UV9: =MAX($L9,$AD9,$AV9,$BN9,$CF9,$CX9,$DP9,$EH9,$EZ9,$FR9,$GJ9,$HB9,$HT9,$IL9,$JD9,$JV9,$KN9,$LF9,$LX9,$MP9,$NH9,$NZ9,$OR9,$PJ9,$QB9,$QT9,$RL9,$SD9,$SV9) -> 0 | UW9: =MAX($M9,$AE9,$AW9,$BO9,$CG9,$CY9,$DQ9,$EI9,$FA9,$FS9,$GK9,$HC9,$HU9,$IM9,$JE9,$JW9,$KO9,$LG9,$LY9,$MQ9,$NI9,$OA9,$OS9,$PK9,$QC9,$QU9,$RM9,$SE9,$SW9) -> 0 | UX9: =MAX($N9,$AF9,$AX9,$BP9,$CH9,$CZ9,$DR9,$EJ9,$FB9,$FT9,$GL9,$HD9,$HV9,$IN9,$JF9,$JX9,$KP9,$LH9,$LZ9,$MR9,$NJ9,$OB9,$OT9,$PL9,$QD9,$QV9,$RN9,$SF9,$SX9) -> 0 | UY9: =MAX($O9,$AG9,$AY9,$BQ9,$CI9,$DA9,$DS9,$EK9,$FC9,$FU9,$GM9,$HE9,$HW9,$IO9,$JG9,$JY9,$KQ9,$LI9,$MA9,$MS9,$NK9,$OC9,$OU9,$PM9,$QE9,$QW9,$RO9,$SG9,$SY9) -> 0 | UZ9: =MAX($Q9,$AI9,$BA9,$BS9,$CK9,$DC9,$DU9,$EM9,$FE9,$FW9,$GO9,$HG9,$HY9,$IQ9,$JI9,$KA9,$KS9,$LK9,$MC9,$MU9,$NM9,$OE9,$OW9,$PO9,$QG9,$QY9,$RQ9,$SI9,$TA9) -> 0 | VA9: =MAX($R9,$AJ9,$BB9,$BT9,$CL9,$DD9,$DV9,$EN9,$FF9,$FX9,$GP9,$HH9,$HZ9,$IR9,$JJ9,$KB9,$KT9,$LL9,$MD9,$MV9,$NN9,$OF9,$OX9,$PP9,$QH9,$QZ9,$RR9,$SJ9,$TB9) -> 0 | VB9: =MAX($S9,$AK9,$BC9,$BU9,$CM9,$DE9,$DW9,$EO9,$FG9,$FY9,$GQ9,$HI9,$IA9,$IS9,$JK9,$KC9,$KU9,$LM9,$ME9,$MW9,$NO9,$OG9,$OY9,$PQ9,$QI9,$RA9,$RS9,$SK9,$TC9) -> 0
A10: ./bsp-0080 | G10: 0 | I10: 191 | J10: 0 | L10: 1.28 | P10: SATISFIABLE | Q10: 1.28 | R10: 0 | AQ10: 0 | AS10: 1909 | AT10: 0 | AV10: 1200 | BA10: 600 | BB10: 1 | BD10: 35881 | BE10: 3345841 | BF10: 599.985 | BG10: 2804116 | BH10: 10521078 | BI10: 0 | BJ10: 29.145 | BK10: 1365 | BL10: 0 | BM10: 0 | BN10: 1200 | BO10: 7698 | BP10: 11049275 | BQ10: 570.84 | BR10: UNKNOWN | BS10: 600 | BT10: 1 | BU10: 13122 | BV10: 9964 | BW10: 52 | BX10: 0.974 | BY10: 1 | BZ10: 6960 | CA10: 0 | CB10: 0.954 | CC10: 86 | CD10: 0 | CE10: 1 | CF10: 1.1 | CG10: 0 | CH10: 528603 | CI10: 0.02 | CJ10: SATISFIABLE | CK10: 1.1 | CL10: 0 | CM10: 6639 | CN10: 45598 | CO10: 48687 | CP10: 34.822 | CQ10: 35332 | CR10: 10521246 | CS10: 0 | CT10: 27.632 | CU10: 1339 | CV10: 0 | CW10: 1 | CX10: 34.9 | CY10: 182 | CZ10: 11059150 | DA10: 7.19 | DB10: SATISFIABLE | DC10: 34.9 | DD10: 0 | DE10: 13126 | DF10: 19681 | DG10: 38 | DH10: 0.844 | DI10: 1 | DJ10: 26547 | DK10: 0 | DL10: 0.834 | DM10: 60 | DN10: 0 | DO10: 1 | DP10: 0.87 | DQ10: 0 | DR10: 538398 | DS10: 0.01 | DT10: SATISFIABLE | DU10: 0.87 | DV10: 0 | DW10: 13116 | DX10: 45598 | DY10: 95489 | DZ10: 63.364 | EA10: 72454 | EB10: 12076926 | EC10: 0 | ED10: 28.524 | EE10: 1527 | EF10: 0 | EG10: 1 | EH10: 63.47 | EI10: 315 | EJ10: 11059150 | EK10: 34.84 | EL10: SATISFIABLE | EM10: 63.47 | EN10: 0 | EO10: 531686 | EP10: 19681 | EQ10: 52 | ER10: 2.017 | ES10: 3 | ET10: 1581667 | EU10: 0 | EV10: 1.967 | EW10: 300 | EX10: 0 | EY10: 1 | EZ10: 2.07 | FA10: 0 | FB10: 538398 | FC10: 0.05 | FD10: SATISFIABLE | FE10: 2.07 | FF10: 0 | FG10: 531516 | FH10: 26160 | FI10: 46558 | FJ10: 34.337 | FK10: 34310 | FL10: 10520756 | FM10: 0 | FN10: 27.637 | FO10: 1312 | FP10: 0 | FQ10: 1 | FR10: 34.42 | FS10: 167 | FT10: 10520836 | FU10: 6.7 | FV10: SATISFIABLE | FW10: 34.42 | FX10: 0 | FY10: 13040 | FZ10: 243 | GA10: 25 | GB10: 0.002 | GC10: 0 | GD10: 2 | GE10: 0 | GF10: 0.002 | GG10: 0 | GH10: 0 | GI10: 1 | GJ10: 0.04 | GK10: 0 | GL10: 244 | GM10: 0 | GN10: SATISFIABLE | GO10: 0.04 | GP10: 0 | GQ10: 81 | GR10: 26162 | GS10: 80 | GT10: 27.405 | GU10: 0 | GV10: 10520756 | GW10: 0 | GX10: 27.395 | GY10: 1314 | GZ10: 0 | HA10: 1 | HB10: 27.57 | HC10: 0 | HD10: 10520838 | HE10: 0.01 | HF10: SATISFIABLE | HG10: 27.57 | HH10: 0 | HI10: 13040 | HJ10: 564160 | HK10: 14908 | HL10: 599.989 | HM10: 10314 | HN10: 12076766 | HO10: 0 | HP10: 31.149 | HQ10: 1916 | HR10: 0 | HS10: 0 | HT10: 1200 | HU10: 62 | HV10: 11059152 | HW10: 568.84 | HX10: UNKNOWN | HY10: 600 | HZ10: 1 | IA10: 531606 | IB10: 245 | IC10: 77 | ID10: 0.006 | IE10: 0 | IF10: 2 | IG10: 0 | IH10: 0.006 | II10: 0 | IJ10: 0 | IK10: 1 | IL10: 0.05 | IM10: 0 | IN10: 246 | IO10: 0 | IP10: SATISFIABLE | IQ10: 0.05 | IR10: 0 | IS10: 81 | IT10: 26162 | IU10: 46558 | IV10: 34.031 | IW10: 34310 | IX10: 10520756 | IY10: 0 | IZ10: 26.091 | JA10: 1313 | JB10: 0 | JC10: 1 | JD10: 34.11 | JE10: 167 | JF10: 10520838 | JG10: 7.94 | JH10: SATISFIABLE | JI10: 34.11 | JJ10: 0 | JK10: 13040 | JL10: 245 | JM10: 25 | JN10: 0.005 | JO10: 0 | JP10: 2 | JQ10: 0 | JR10: 0.005 | JS10: 0 | JT10: 0 | JU10: 1 | JV10: 0.05 | JW10: 0 | JX10: 246 | JY10: 0 | JZ10: SATISFIABLE | KA10: 0.05 | KB10: 0 | KC10: 81 | KD10: 35881 | KE10: 3373242 | KF10: 599.977 | KG10: 2824244 | KH10: 10521078 | KI10: 0 | KJ10: 27.787 | KK10: 1364 | KL10: 0 | KM10: 0 | KN10: 1200 | KO10: 7801 | KP10: 11049275 | KQ10: 572.19 | KR10: UNKNOWN | KS10: 600 | KT10: 1 | KU10: 13122 | KV10: 9964 | KW10: 52 | KX10: 0.96 | KY10: 1 | KZ10: 6960 | LA10: 0 | LB10: 0.95 | LC10: 89 | LD10: 0 | LE10: 1 | LF10: 1 | LG10: 0 | LH10: 528603 | LI10: 0.01 | LJ10: SATISFIABLE | LK10: 1 | LL10: 0 | LM10: 6639 | LN10: 45598 | LO10: 48687 | LP10: 34.759 | LQ10: 35332 | LR10: 10521246 | LS10: 0 | LT10: 27.669 | LU10: 1340 | LV10: 0 | LW10: 1 | LX10: 34.85 | LY10: 182 | LZ10: 11059150 | MA10: 7.09 | MB10: SATISFIABLE | MC10: 34.85 | MD10: 0 | ME10: 13126 | MF10: 19681 | MG10: 38 | MH10: 0.896 | MI10: 1 | MJ10: 26547 | MK10: 0 | ML10: 0.886 | MM10: 69 | MN10: 0 | MO10: 1 | MP10: 1.04 | MQ10: 0 | MR10: 538398 | MS10: 0.01 | MT10: SATISFIABLE | MU10: 1.04 | MV10: 0 | MW10: 13116 | MX10: 45598 | MY10: 95489 | MZ10: 63.294 | NA10: 72454 | NB10: 12076926 | NC10: 0 | ND10: 28.804 | NE10: 1529 | NF10: 0 | NG10: 1 | NH10: 63.41 | NI10: 315 | NJ10: 11059150 | NK10: 34.49 | NL10: SATISFIABLE | NM10: 63.41 | NN10: 0 | NO10: 531686 | NP10: 19681 | NQ10: 52 | NR10: 1.768 | NS10: 3 | NT10: 1581667 | NU10: 0 | NV10: 1.738 | NW10: 302 | NX10: 0 | NY10: 1 | NZ10: 1.82 | OA10: 0 | OB10: 538398 | OC10: 0.03 | OD10: SATISFIABLE | OE10: 1.82 | OF10: 0 | OG10: 531516 | OH10: 26160 | OI10: 46558 | OJ10: 32.798 | OK10: 34310 | OL10: 10520756 | OM10: 0 | ON10: 25.978 | OO10: 1313 | OP10: 0 | OQ10: 1 | OR10: 32.89 | OS10: 167 | OT10: 10520836 | OU10: 6.82 | OV10: SATISFIABLE | OW10: 32.89 | OX10: 0 | OY10: 13040 | OZ10: 243 | PA10: 25 | PB10: 0.003 | PC10: 0 | PD10: 2 | PE10: 0 | PF10: 0.003 | PG10: 0 | PH10: 0 | PI10: 1 | PJ10: 0.04 | PK10: 0 | PL10: 244 | PM10: 0 | PN10: SATISFIABLE | PO10: 0.04 | PP10: 0 | PQ10: 81 | PR10: 26163 | PS10: 80 | PT10: 27.39 | PU10: 0 | PV10: 10520756 | PW10: 0 | PX10: 27.36 | PY10: 1319 | PZ10: 0 | QA10: 1 | QB10: 27.47 | QC10: 0 | QD10: 10520839 | QE10: 0.03 | QF10: SATISFIABLE | QG10: 27.47 | QH10: 0 | QI10: 13040 | QJ10: 564161 | QK10: 29873 | QL10: 295.194 | QM10: 20747 | QN10: 12076766 | QO10: 0 | QP10: 46.164 | QQ10: 1799 | QR10: 0 | QS10: 1 | QT10: 296.22 | QU10: 124 | QV10: 11059153 | QW10: 249.03 | QX10: SATISFIABLE | QY10: 296.22 | QZ10: 0 | RA10: 531606 | RB10: 246 | RC10: 77 | RD10: 0.045 | RE10: 0 | RF10: 2 | RG10: 0 | RH10: 0.025 | RI10: 0 | RJ10: 0 | RK10: 1 | RL10: 0.07 | RM10: 0 | RN10: 247 | RO10: 0.02 | RP10: SATISFIABLE | RQ10: 0.07 | RR10: 0 | RS10: 81 | RT10: 26163 | RU10: 46558 | RV10: 38.006 | RW10: 34310 | RX10: 10520756 | RY10: 0 | RZ10: 29.116 | SA10: 1318 | SB10: 0 | SC10: 1 | SD10: 38.24 | SE10: 167 | SF10: 10520839 | SG10: 8.89 | SH10: SATISFIABLE | SI10: 38.24 | SJ10: 0 | SK10: 13040 | SL10: 246 | SM10: 25 | SN10: 0.021 | SO10: 0 | SP10: 2 | SQ10: 0 | SR10: 0.021 | SS10: 0 | ST10: 0 | SU10: 1 | SV10: 0.05 | SW10: 0 | SX10: 247 | SY10: 0 | SZ10: SATISFIABLE | TA10: 0.05 | TB10: 0 | TC10: 81 | TD10: =MIN($B10,$T10,$AL10,$BD10,$BV10,$CN10,$DF10,$DX10,$EP10,$FH10,$FZ10,$GR10,$HJ10,$IB10,$IT10,$JL10,$KD10,$KV10,$LN10,$MF10,$MX10,$NP10,$OH10,$OZ10,$PR10,$QJ10,$RB10,$RT10,$SL10) -> 0 | TE10: =MIN($C10,$U10,$AM10,$BE10,$BW10,$CO10,$DG10,$DY10,$EQ10,$FI10,$GA10,$GS10,$HK10,$IC10,$IU10,$JM10,$KE10,$KW10,$LO10,$MG10,$MY10,$NQ10,$OI10,$PA10,$PS10,$QK10,$RC10,$RU10,$SM10) -> 0 | TF10: =MIN($D10,$V10,$AN10,$BF10,$BX10,$CP10,$DH10,$DZ10,$ER10,$FJ10,$GB10,$GT10,$HL10,$ID10,$IV10,$JN10,$KF10,$KX10,$LP10,$MH10,$MZ10,$NR10,$OJ10,$PB10,$PT10,$QL10,$RD10,$RV10,$SN10) -> 0 | TG10: =MIN($E10,$W10,$AO10,$BG10,$BY10,$CQ10,$DI10,$EA10,$ES10,$FK10,$GC10,$GU10,$HM10,$IE10,$IW10,$JO10,$KG10,$KY10,$LQ10,$MI10,$NA10,$NS10,$OK10,$PC10,$PU10,$QM10,$RE10,$RW10,$SO10) -> 0 | TH10: =MIN($F10,$X10,$AP10,$BH10,$BZ10,$CR10,$DJ10,$EB10,$ET10,$FL10,$GD10,$GV10,$HN10,$IF10,$IX10,$JP10,$KH10,$KZ10,$LR10,$MJ10,$NB10,$NT10,$OL10,$PD10,$PV10,$QN10,$RF10,$RX10,$SP10) -> 0 | TI10: =MIN($G10,$Y10,$AQ10,$BI10,$CA10,$CS10,$DK10,$EC10,$EU10,$FM10,$GE10,$GW10,$HO10,$IG10,$IY10,$JQ10,$KI10,$LA10,$LS10,$MK10,$NC10,$NU10,$OM10,$PE10,$PW10,$QO10,$RG10,$RY10,$SQ10) -> 0 | TJ10: =MIN($H10,$Z10,$AR10,$BJ10,$CB10,$CT10,$DL10,$ED10,$EV10,$FN10,$GF10,$GX10,$HP10,$IH10,$IZ10,$JR10,$KJ10,$LB10,$LT10,$ML10,$ND10,$NV10,$ON10,$PF10,$PX10,$QP10,$RH10,$RZ10,$SR10) -> 0 | TK10: =MIN($I10,$AA10,$AS10,$BK10,$CC10,$CU10,$DM10,$EE10,$EW10,$FO10,$GG10,$GY10,$HQ10,$II10,$JA10,$JS10,$KK10,$LC10,$LU10,$MM10,$NE10,$NW10,$OO10,$PG10,$PY10,$QQ10,$RI10,$SA10,$SS10) -> 0 | TL10: =MIN($J10,$AB10,$AT10,$BL10,$CD10,$CV10,$DN10,$EF10,$EX10,$FP10,$GH10,$GZ10,$HR10,$IJ10,$JB10,$JT10,$KL10,$LD10,$LV10,$MN10,$NF10,$NX10,$OP10,$PH10,$PZ10,$QR10,$RJ10,$SB10,$ST10) -> 0 | TM10: =MIN($K10,$AC10,$AU10,$BM10,$CE10,$CW10,$DO10,$EG10,$EY10,$FQ10,$GI10,$HA10,$HS10,$IK10,$JC10,$JU10,$KM10,$LE10,$LW10,$MO10,$NG10,$NY10,$OQ10,$PI10,$QA10,$QS10,$RK10,$SC10,$SU10) -> 0 | TN10: =MIN($L10,$AD10,$AV10,$BN10,$CF10,$CX10,$DP10,$EH10,$EZ10,$FR10,$GJ10,$HB10,$HT10,$IL10,$JD10,$JV10,$KN10,$LF10,$LX10,$MP10,$NH10,$NZ10,$OR10,$PJ10,$QB10,$QT10,$RL10,$SD10,$SV10) -> 0 | TO10: =MIN($M10,$AE10,$AW10,$BO10,$CG10,$CY10,$DQ10,$EI10,$FA10,$FS10,$GK10,$HC10,$HU10,$IM10,$JE10,$JW10,$KO10,$LG10,$LY10,$MQ10,$NI10,$OA10,$OS10,$PK10,$QC10,$QU10,$RM10,$SE10,$SW10) -> 0 | TP10: =MIN($N10,$AF10,$AX10,$BP10,$CH10,$CZ10,$DR10,$EJ10,$FB10,$FT10,$GL10,$HD10,$HV10,$IN10,$JF10,$JX10,$KP10,$LH10,$LZ10,$MR10,$NJ10,$OB10,$OT10,$PL10,$QD10,$QV10,$RN10,$SF10,$SX10) -> 0 | TQ10: =MIN($O10,$AG10,$AY10,$BQ10,$CI10,$DA10,$DS10,$EK10,$FC10,$FU10,$GM10,$HE10,$HW10,$IO10,$JG10,$JY10,$KQ10,$LI10,$MA10,$MS10,$NK10,$OC10,$OU10,$PM10,$QE10,$QW10,$RO10,$SG10,$SY10) -> 0 | TR10: =MIN($Q10,$AI10,$BA10,$BS10,$CK10,$DC10,$DU10,$EM10,$FE10,$FW10,$GO10,$HG10,$HY10,$IQ10,$JI10,$KA10,$KS10,$LK10,$MC10,$MU10,$NM10,$OE10,$OW10,$PO10,$QG10,$QY10,$RQ10,$SI10,$TA10) -> 0 | TS10: =MIN($R10,$AJ10,$BB10,$BT10,$CL10,$DD10,$DV10,$EN10,$FF10,$FX10,$GP10,$HH10,$HZ10,$IR10,$JJ10,$KB10,$KT10,$LL10,$MD10,$MV10,$NN10,$OF10,$OX10,$PP10,$QH10,$QZ10,$RR10,$SJ10,$TB10) -> 0 | TT10: =MIN($S10,$AK10,$BC10,$BU10,$CM10,$DE10,$DW10,$EO10,$FG10,$FY10,$GQ10,$HI10,$IA10,$IS10,$JK10,$KC10,$KU10,$LM10,$ME10,$MW10,$NO10,$OG10,$OY10,$PQ10,$QI10,$RA10,$RS10,$SK10,$TC10) -> 0 | TU10: =MEDIAN($B10,$T10,$AL10,$BD10,$BV10,$CN10,$DF10,$DX10,$EP10,$FH10,$FZ10,$GR10,$HJ10,$IB10,$IT10,$JL10,$KD10,$KV10,$LN10,$MF10,$MX10,$NP10,$OH10,$OZ10,$PR10,$QJ10,$RB10,$RT10,$SL10) -> 0 | TV10: =MEDIAN($C10,$U10,$AM10,$BE10,$BW10,$CO10,$DG10,$DY10,$EQ10,$FI10,$GA10,$GS10,$HK10,$IC10,$IU10,$JM10,$KE10,$KW10,$LO10,$MG10,$MY10,$NQ10,$OI10,$PA10,$PS10,$QK10,$RC10,$RU10,$SM10) -> 0 | TW10: =MEDIAN($D10,$V10,$AN10,$BF10,$BX10,$CP10,$DH10,$DZ10,$ER10,$FJ10,$GB10,$GT10,$HL10,$ID10,$IV10,$JN10,$KF10,$KX10,$LP10,$MH10,$MZ10,$NR10,$OJ10,$PB10,$PT10,$QL10,$RD10,$RV10,$SN10) -> 0 | TX10: =MEDIAN($E10,$W10,$AO10,$BG10,$BY10,$CQ10,$DI10,$EA10,$ES10,$FK10,$GC10,$GU10,$HM10,$IE10,$IW10,$JO10,$KG10,$KY10,$LQ10,$MI10,$NA10,$NS10,$OK10,$PC10,$PU10,$QM10,$RE10,$RW10,$SO10) -> 0 | TY10: =MEDIAN($F10,$X10,$AP10,$BH10,$BZ10,$CR10,$DJ10,$EB10,$ET10,$FL10,$GD10,$GV10,$HN10,$IF10,$IX10,$JP10,$KH10,$KZ10,$LR10,$MJ10,$NB10,$NT10,$OL10,$PD10,$PV10,$QN10,$RF10,$RX10,$SP10) -> 0 | TZ10: =MEDIAN($G10,$Y10,$AQ10,$BI10,$CA10,$CS10,$DK10,$EC10,$EU10,$FM10,$GE10,$GW10,$HO10,$IG10,$IY10,$JQ10,$KI10,$LA10,$LS10,$MK10,$NC10,$NU10,$OM10,$PE10,$PW10,$QO10,$RG10,$RY10,$SQ10) -> 0 | UA10: =MEDIAN($H10,$Z10,$AR10,$BJ10,$CB10,$CT10,$DL10,$ED10,$EV10,$FN10,$GF10,$GX10,$HP10,$IH10,$IZ10,$JR10,$KJ10,$LB10,$LT10,$ML10,$ND10,$NV10,$ON10,$PF10,$PX10,$QP10,$RH10,$RZ10,$SR10) -> 0 | UB10: =MEDIAN($I10,$AA10,$AS10,$BK10,$CC10,$CU10,$DM10,$EE10,$EW10,$FO10,$GG10,$GY10,$HQ10,$II10,$JA10,$JS10,$KK10,$LC10,$LU10,$MM10,$NE10,$NW10,$OO10,$PG10,$PY10,$QQ10,$RI10,$SA10,$SS10) -> 0 | UC10: =MEDIAN($J10,$AB10,$AT10,$BL10,$CD10,$CV10,$DN10,$EF10,$EX10,$FP10,$GH10,$GZ10,$HR10,$IJ10,$JB10,$JT10,$KL10,$LD10,$LV10,$MN10,$NF10,$NX10,$OP10,$PH10,$PZ10,$QR10,$RJ10,$SB10,$ST10) -> 0 | UD10: =MEDIAN($K10,$AC10,$AU10,$BM10,$CE10,$CW10,$DO10,$EG10,$EY10,$FQ10,$GI10,$HA10,$HS10,$IK10,$JC10,$JU10,$KM10,$LE10,$LW10,$MO10,$NG10,$NY10,$OQ10,$PI10,$QA10,$QS10,$RK10,$SC10,$SU10) -> 0 | UE10: =MEDIAN($L10,$AD10,$AV10,$BN10,$CF10,$CX10,$DP10,$EH10,$EZ10,$FR10,$GJ10,$HB10,$HT10,$IL10,$JD10,$JV10,$KN10,$LF10,$LX10,$MP10,$NH10,$NZ10,$OR10,$PJ10,$QB10,$QT10,$RL10,$SD10,$SV10) -> 0 | UF10: =MEDIAN($M10,$AE10,$AW10,$BO10,$CG10,$CY10,$DQ10,$EI10,$FA10,$FS10,$GK10,$HC10,$HU10,$IM10,$JE10,$JW10,$KO10,$LG10,$LY10,$MQ10,$NI10,$OA10,$OS10,$PK10,$QC10,$QU10,$RM10,$SE10,$SW10) -> 0 | UG10: =MEDIAN($N10,$AF10,$AX10,$BP10,$CH10,$CZ10,$DR10,$EJ10,$FB10,$FT10,$GL10,$HD10,$HV10,$IN10,$JF10,$JX10,$KP10,$LH10,$LZ10,$MR10,$NJ10,$OB10,$OT10,$PL10,$QD10,$QV10,$RN10,$SF10,$SX10) -> 0 | UH10: =MEDIAN($O10,$AG10,$AY10,$BQ10,$CI10,$DA10,$DS10,$EK10,$FC10,$FU10,$GM10,$HE10,$HW10,$IO10,$JG10,$JY10,$KQ10,$LI10,$MA10,$MS10,$NK10,$OC10,$OU10,$PM10,$QE10,$QW10,$RO10,$SG10,$SY10) -> 0 | UI10: =MEDIAN($Q10,$AI10,$BA10,$BS10,$CK10,$DC10,$DU10,$EM10,$FE10,$FW10,$GO10,$HG10,$HY10,$IQ10,$JI10,$KA10,$KS10,$LK10,$MC10,$MU10,$NM10,$OE10,$OW10,$PO10,$QG10,$QY10,$RQ10,$SI10,$TA10) -> 0 | UJ10: =MEDIAN($R10,$AJ10,$BB10,$BT10,$CL10,$DD10,$DV10,$EN10,$FF10,$FX10,$GP10,$HH10,$HZ10,$IR10,$JJ10,$KB10,$KT10,$LL10,$MD10,$MV10,$NN10,$OF10,$OX10,$PP10,$QH10,$QZ10,$RR10,$SJ10,$TB10) -> 0 | UK10: =MEDIAN($S10,$AK10,$BC10,$BU10,$CM10,$DE10,$DW10,$EO10,$FG10,$FY10,$GQ10,$HI10,$IA10,$IS10,$JK10,$KC10,$KU10,$LM10,$ME10,$MW10,$NO10,$OG10,$OY10,$PQ10,$QI10,$RA10,$RS10,$SK10,$TC10) -> 0 | UL10: =MAX($B10,$T10,$AL10,$BD10,$BV10,$CN10,$DF10,$DX10,$EP10,$FH10,$FZ10,$GR10,$HJ10,$IB10,$IT10,$JL10,$KD10,$KV10,$LN10,$MF10,$MX10,$NP10,$OH10,$OZ10,$PR10,$QJ10,$RB10,$RT10,$SL10) -> 0 | UM10: =MAX($C10,$U10,$AM10,$BE10,$BW10,$CO10,$DG10,$DY10,$EQ10,$FI10,$GA10,$GS10,$HK10,$IC10,$IU10,$JM10,$KE10,$KW10,$LO10,$MG10,$MY10,$NQ10,$OI10,$PA10,$PS10,$QK10,$RC10,$RU10,$SM10) -> 0 | UN10: =MAX($D10,$V10,$AN10,$BF10,$BX10,$CP10,$DH10,$DZ10,$ER10,$FJ10,$GB10,$GT10,$HL10,$ID10,$IV10,$JN10,$KF10,$KX10,$LP10,$MH10,$MZ10,$NR10,$OJ10,$PB10,$PT10,$QL10,$RD10,$RV10,$SN10) -> 0 | UO10: =MAX($E10,$W10,$AO10,$BG10,$BY10,$CQ10,$DI10,$EA10,$ES10,$FK10,$GC10,$GU10,$HM10,$IE10,$IW10,$JO10,$KG10,$KY10,$LQ10,$MI10,$NA10,$NS10,$OK10,$PC10,$PU10,$QM10,$RE10,$RW10,$SO10) -> 0 | UP10: =MAX($F10,$X10,$AP10,$BH10,$BZ10,$CR10,$DJ10,$EB10,$ET10,$FL10,$GD10,$GV10,$HN10,$IF10,$IX10,$JP10,$KH10,$KZ10,$LR10,$MJ10,$NB10,$NT10,$OL10,$PD10,$PV10,$QN10,$RF10,$RX10,$SP10) -> 0 | UQ10: =MAX($G10,$Y10,$AQ10,$BI10,$CA10,$CS10,$DK10,$EC10,$EU10,$FM10,$GE10,$GW10,$HO10,$IG10,$IY10,$JQ10,$KI10,$LA10,$LS10,$MK10,$NC10,$NU10,$OM10,$PE10,$PW10,$QO10,$RG10,$RY10,$SQ10) -> 0 | UR10: =MAX($H10,$Z10,$AR10,$BJ10,$CB10,$CT10,$DL10,$ED10,$EV10,$FN10,$GF10,$GX10,$HP10,$IH10,$IZ10,$JR10,$KJ10,$LB10,$LT10,$ML10,$ND10,$NV10,$ON10,$PF10,$PX10,$QP10,$RH10,$RZ10,$SR10) -> 0 | US10: =MAX($I10,$AA10,$AS10,$BK10,$CC10,$CU10,$DM10,$EE10,$EW10,$FO10,$GG10,$GY10,$HQ10,$II10,$JA10,$JS10,$KK10,$LC10,$LU10,$MM10,$NE10,$NW10,$OO10,$PG10,$PY10,$QQ10,$RI10,$SA10,$SS10) -> 0 | UT10: =MAX($J10,$AB10,$AT10,$BL10,$CD10,$CV10,$DN10,$EF10,$EX10,$FP10,$GH10,$GZ10,$HR10,$IJ10,$JB10,$JT10,$KL10,$LD10,$LV10,$MN10,$NF10,$NX10,$OP10,$PH10,$PZ10,$QR10,$RJ10,$SB10,$ST10) -> 0 | UU10: =MAX($K10,$AC10,$AU10,$BM10,$CE10,$CW10,$DO10,$EG10,$EY10,$FQ10,$GI10,$HA10,$HS10,$IK10,$JC10,$JU10,$KM10,$LE10,$LW10,$MO10,$NG10,$NY10,$OQ10,$PI10,$QA10,$QS10,$RK10,$SC10,$SU10) -> 0 | UV10: =MAX($L10,$AD10,$AV10,$BN10,$CF10,$CX10,$DP10,$EH10,$EZ10,$FR10,$GJ10,$HB10,$HT10,$IL10,$JD10,$JV10,$KN10,$LF10,$LX10,$MP10,$NH10,$NZ10,$OR10,$PJ10,$QB10,$QT10,$RL10,$SD10,$SV10) -> 0 | UW10: =MAX($M10,$AE10,$AW10,$BO10,$CG10,$CY10,$DQ10,$EI10,$FA10,$FS10,$GK10,$HC10,$HU10,$IM10,$JE10,$JW10,$KO10,$LG10,$LY10,$MQ10,$NI10,$OA10,$OS10,$PK10,$QC10,$QU10,$RM10,$SE10,$SW10) -> 0 | UX10: =MAX($N10,$AF10,$AX10,$BP10,$CH10,$CZ10,$DR10,$EJ10,$FB10,$FT10,$GL10,$HD10,$HV10,$IN10,$JF10,$JX10,$KP10,$LH10,$LZ10,$MR10,$NJ10,$OB10,$OT10,$PL10,$QD10,$QV10,$RN10,$SF10,$SX10) -> 0 | UY10: =MAX($O10,$AG10,$AY10,$BQ10,$CI10,$DA10,$DS10,$EK10,$FC10,$FU10,$GM10,$HE10,$HW10,$IO10,$JG10,$JY10,$KQ10,$LI10,$MA10,$MS10,$NK10,$OC10,$OU10,$PM10,$QE10,$QW10,$RO10,$SG10,$SY10) -> 0 | UZ10: =MAX($Q10,$AI10,$BA10,$BS10,$CK10,$DC10,$DU10,$EM10,$FE10,$FW10,$GO10,$HG10,$HY10,$IQ10,$JI10,$KA10,$KS10,$LK10,$MC10,$MU10,$NM10,$OE10,$OW10,$PO10,$QG10,$QY10,$RQ10,$SI10,$TA10) -> 0 | VA10: =MAX($R10,$AJ10,$BB10,$BT10,$CL10,$DD10,$DV10,$EN10,$FF10,$FX10,$GP10,$HH10,$HZ10,$IR10,$JJ10,$KB10,$KT10,$LL10,$MD10,$MV10,$NN10,$OF10,$OX10,$PP10,$QH10,$QZ10,$RR10,$SJ10,$TB10) -> 0 | VB10: =MAX($S10,$AK10,$BC10,$BU10,$CM10,$DE10,$DW10,$EO10,$FG10,$FY10,$GQ10,$HI10,$IA10,$IS10,$JK10,$KC10,$KU10,$LM10,$ME10,$MW10,$NO10,$OG10,$OY10,$PQ10,$QI10,$RA10,$RS10,$SK10,$TC10) -> 0
A11: ./bsp-0090 | G11: 0 | I11: 179 | J11: 0 | L11: 1.21 | P11: SATISFIABLE | Q11: 1.21 | R11: 0 | AQ11: 0 | AS11: 2099 | AT11: 0 | AV11: 1200 | BA11: 600 | BB11: 1 | BD11: 45316 | BE11: 2313596 | BF11: 599.911 | BG11: 1903902 | BH11: 16798588 | BI11: 0 | BJ11: 45.951 | BK11: 2214 | BL11: 0 | BM11: 0 | BN11: 1200 | BO11: 5085 | BP11: 17548060 | BQ11: 553.96 | BR11: UNKNOWN | BS11: 600 | BT11: 1 | BU11: 16562 | BV11: 12559 | BW11: 53 | BX11: 1.548 | BY11: 1 | BZ11: 8730 | CA11: 0 | CB11: 1.528 | CC11: 132 | CD11: 0 | CE11: 1 | CF11: 1.58 | CG11: 0 | CH11: 749928 | CI11: 0.02 | CJ11: SATISFIABLE | CK11: 1.58 | CL11: 0 | CM11: 8369 | CN11: 57598 | CO11: 52437 | CP11: 56.683 | CQ11: 36762 | CR11: 16798776 | CS11: 0 | CT11: 46.103 | CU11: 2178 | CV11: 0 | CW11: 1 | CX11: 56.8 | CY11: 188 | CZ11: 17560520 | DA11: 10.58 | DB11: SATISFIABLE | DC11: 56.8 | DD11: 0 | DE11: 16566 | DF11: 24841 | DG11: 45 | DH11: 1.282 | DI11: 0 | DJ11: 33468 | DK11: 0 | DL11: 1.272 | DM11: 99 | DN11: 0 | DO11: 1 | DP11: 1.31 | DQ11: 0 | DR11: 762298 | DS11: 0.01 | DT11: SATISFIABLE | DU11: 1.31 | DV11: 0 | DW11: 16557 | DX11: 57598 | DY11: 49550 | DZ11: 78.213 | EA11: 34694 | EB11: 19010616 | EC11: 0 | ED11: 49.383 | EE11: 2442 | EF11: 0 | EG11: 1 | EH11: 78.37 | EI11: 178 | EJ11: 17560520 | EK11: 28.83 | EL11: SATISFIABLE | EM11: 78.37 | EN11: 0 | EO11: 753846 | EP11: 24841 | EQ11: 54 | ER11: 2.608 | ES11: 0 | ET11: 2244768 | EU11: 0 | EV11: 2.558 | EW11: 420 | EX11: 0 | EY11: 1 | EZ11: 2.76 | FA11: 0 | FB11: 762298 | FC11: 0.05 | FD11: SATISFIABLE | FE11: 2.76 | FF11: 0 | FG11: 753657 | FH11: 33030 | FI11: 91570 | FJ11: 61.484 | FK11: 67511 | FL11: 16798226 | FM11: 0 | FN11: 43.744 | FO11: 2144 | FP11: 0 | FQ11: 1 | FR11: 61.6 | FS11: 289 | FT11: 16798316 | FU11: 17.74 | FV11: SATISFIABLE | FW11: 61.6 | FX11: 0 | FY11: 16470 | FZ11: 273 | GA11: 28 | GB11: 0.002 | GC11: 0 | GD11: 2 | GE11: 0 | GF11: 0.002 | GG11: 0 | GH11: 0 | GI11: 1 | GJ11: 0.03 | GK11: 0 | GL11: 274 | GM11: 0 | GN11: SATISFIABLE | GO11: 0.03 | GP11: 0 | GQ11: 91 | GR11: 33032 | GS11: 90 | GT11: 43.435 | GU11: 0 | GV11: 16798226 | GW11: 0 | GX11: 43.425 | GY11: 2144 | GZ11: 0 | HA11: 1 | HB11: 43.55 | HC11: 0 | HD11: 16798318 | HE11: 0.01 | HF11: SATISFIABLE | HG11: 43.55 | HH11: 0 | HI11: 16470 | HJ11: 794880 | HK11: 8807 | HL11: 599.989 | HM11: 5653 | HN11: 19010436 | HO11: 0 | HP11: 52.549 | HQ11: 3005 | HR11: 0 | HS11: 0 | HT11: 1200 | HU11: 37 | HV11: 17560522 | HW11: 547.44 | HX11: UNKNOWN | HY11: 600 | HZ11: 1 | IA11: 753756 | IB11: 275 | IC11: 88 | ID11: 0.005 | IE11: 0 | IF11: 2 | IG11: 0 | IH11: 0.005 | II11: 0 | IJ11: 0 | IK11: 1 | IL11: 0.03 | IM11: 0 | IN11: 276 | IO11: 0 | IP11: SATISFIABLE | IQ11: 0.03 | IR11: 0 | IS11: 91 | IT11: 33032 | IU11: 91570 | IV11: 66.564 | IW11: 67511 | IX11: 16798226 | IY11: 0 | IZ11: 45.604 | JA11: 2143 | JB11: 0 | JC11: 1 | JD11: 66.68 | JE11: 289 | JF11: 16798318 | JG11: 20.96 | JH11: SATISFIABLE | JI11: 66.68 | JJ11: 0 | JK11: 16470 | JL11: 275 | JM11: 28 | JN11: 0.006 | JO11: 0 | JP11: 2 | JQ11: 0 | JR11: 0.006 | JS11: 0 | JT11: 0 | JU11: 1 | JV11: 0.05 | JW11: 0 | JX11: 276 | JY11: 0 | JZ11: SATISFIABLE | KA11: 0.05 | KB11: 0 | KC11: 91 | KD11: 45316 | KE11: 2232612 | KF11: 599.979 | KG11: 1841186 | KH11: 16798588 | KI11: 0 | KJ11: 47.319 | KK11: 2214 | KL11: 0 | KM11: 0 | KN11: 1200 | KO11: 4858 | KP11: 17548060 | KQ11: 552.66 | KR11: UNKNOWN | KS11: 600 | KT11: 1 | KU11: 16562 | KV11: 12559 | KW11: 53 | KX11: 1.567 | KY11: 1 | KZ11: 8730 | LA11: 0 | LB11: 1.547 | LC11: 127 | LD11: 0 | LE11: 1 | LF11: 1.69 | LG11: 0 | LH11: 749928 | LI11: 0.02 | LJ11: SATISFIABLE | LK11: 1.69 | LL11: 0 | LM11: 8369 | LN11: 57598 | LO11: 52437 | LP11: 58.603 | LQ11: 36762 | LR11: 16798776 | LS11: 0 | LT11: 47.913 | LU11: 2176 | LV11: 0 | LW11: 1 | LX11: 58.73 | LY11: 188 | LZ11: 17560520 | MA11: 10.69 | MB11: SATISFIABLE | MC11: 58.73 | MD11: 0 | ME11: 16566 | MF11: 24841 | MG11: 45 | MH11: 1.275 | MI11: 0 | MJ11: 33468 | MK11: 0 | ML11: 1.265 | MM11: 91 | MN11: 0 | MO11: 1 | MP11: 1.31 | MQ11: 0 | MR11: 762298 | MS11: 0.01 | MT11: SATISFIABLE | MU11: 1.31 | MV11: 0 | MW11: 16557 | MX11: 57598 | MY11: 49550 | MZ11: 77.389 | NA11: 34694 | NB11: 19010616 | NC11: 0 | ND11: 49.029 | NE11: 2502 | NF11: 0 | NG11: 1 | NH11: 77.56 | NI11: 178 | NJ11: 17560520 | NK11: 28.36 | NL11: SATISFIABLE | NM11: 77.56 | NN11: 0 | NO11: 753846 | NP11: 24841 | NQ11: 54 | NR11: 2.538 | NS11: 0 | NT11: 2244768 | NU11: 0 | NV11: 2.488 | NW11: 429 | NX11: 0 | NY11: 1 | NZ11: 2.62 | OA11: 0 | OB11: 762298 | OC11: 0.05 | OD11: SATISFIABLE | OE11: 2.62 | OF11: 0 | OG11: 753657 | OH11: 33030 | OI11: 91570 | OJ11: 64.529 | OK11: 67511 | OL11: 16798226 | OM11: 0 | ON11: 46.239 | OO11: 2144 | OP11: 0 | OQ11: 1 | OR11: 64.66 | OS11: 289 | OT11: 16798316 | OU11: 18.29 | OV11: SATISFIABLE | OW11: 64.66 | OX11: 0 | OY11: 16470 | OZ11: 273 | PA11: 28 | PB11: 0.002 | PC11: 0 | PD11: 2 | PE11: 0 | PF11: 0.002 | PG11: 0 | PH11: 0 | PI11: 1 | PJ11: 0.04 | PK11: 0 | PL11: 274 | PM11: 0 | PN11: SATISFIABLE | PO11: 0.04 | PP11: 0 | PQ11: 91 | PR11: 33033 | PS11: 90 | PT11: 46.799 | PU11: 0 | PV11: 16798226 | PW11: 0 | PX11: 46.749 | PY11: 2149 | PZ11: 0 | QA11: 1 | QB11: 47.03 | QC11: 0 | QD11: 16798319 | QE11: 0.05 | QF11: SATISFIABLE | QG11: 47.03 | QH11: 0 | QI11: 16470 | QJ11: 794881 | QK11: 49263 | QL11: 599.984 | QM11: 34657 | QN11: 19010436 | QO11: 0 | QP11: 72.524 | QQ11: 2839 | QR11: 0 | QS11: 0 | QT11: 1200 | QU11: 176 | QV11: 17560523 | QW11: 527.46 | QX11: UNKNOWN | QY11: 600 | QZ11: 1 | RA11: 753756 | RB11: 276 | RC11: 88 | RD11: 0.051 | RE11: 0 | RF11: 2 | RG11: 0 | RH11: 0.021 | RI11: 0 | RJ11: 0 | RK11: 1 | RL11: 0.08 | RM11: 0 | RN11: 277 | RO11: 0.03 | RP11: SATISFIABLE | RQ11: 0.08 | RR11: 0 | RS11: 91 | RT11: 33033 | RU11: 91570 | RV11: 68.095 | RW11: 67511 | RX11: 16798226 | RY11: 0 | RZ11: 45.635 | SA11: 2149 | SB11: 0 | SC11: 1 | SD11: 68.23 | SE11: 289 | SF11: 16798319 | SG11: 22.46 | SH11: SATISFIABLE | SI11: 68.23 | SJ11: 0 | SK11: 16470 | SL11: 276 | SM11: 28 | SN11: 0.021 | SO11: 0 | SP11: 2 | SQ11: 0 | SR11: 0.021 | SS11: 0 | ST11: 0 | SU11: 1 | SV11: 0.05 | SW11: 0 | SX11: 277 | SY11: 0 | SZ11: SATISFIABLE | TA11: 0.05 | TB11: 0 | TC11: 91 | TD11: =MIN($B11,$T11,$AL11,$BD11,$BV11,$CN11,$DF11,$DX11,$EP11,$FH11,$FZ11,$GR11,$HJ11,$IB11,$IT11,$JL11,$KD11,$KV11,$LN11,$MF11,$MX11,$NP11,$OH11,$OZ11,$PR11,$QJ11,$RB11,$RT11,$SL11) -> 0 | TE11: =MIN($C11,$U11,$AM11,$BE11,$BW11,$CO11,$DG11,$DY11,$EQ11,$FI11,$GA11,$GS11,$HK11,$IC11,$IU11,$JM11,$KE11,$KW11,$LO11,$MG11,$MY11,$NQ11,$OI11,$PA11,$PS11,$QK11,$RC11,$RU11,$SM11) -> 0 | TF11: =MIN($D11,$V11,$AN11,$BF11,$BX11,$CP11,$DH11,$DZ11,$ER11,$FJ11,$GB11,$GT11,$HL11,$ID11,$IV11,$JN11,$KF11,$KX11,$LP11,$MH11,$MZ11,$NR11,$OJ11,$PB11,$PT11,$QL11,$RD11,$RV11,$SN11) -> 0 | TG11: =MIN($E11,$W11,$AO11,$BG11,$BY11,$CQ11,$DI11,$EA11,$ES11,$FK11,$GC11,$GU11,$HM11,$IE11,$IW11,$JO11,$KG11,$KY11,$LQ11,$MI11,$NA11,$NS11,$OK11,$PC11,$PU11,$QM11,$RE11,$RW11,$SO11) -> 0 | TH11: =MIN($F11,$X11,$AP11,$BH11,$BZ11,$CR11,$DJ11,$EB11,$ET11,$FL11,$GD11,$GV11,$HN11,$IF11,$IX11,$JP11,$KH11,$KZ11,$LR11,$MJ11,$NB11,$NT11,$OL11,$PD11,$PV11,$QN11,$RF11,$RX11,$SP11) -> 0 | TI11: =MIN($G11,$Y11,$AQ11,$BI11,$CA11,$CS11,$DK11,$EC11,$EU11,$FM11,$GE11,$GW11,$HO11,$IG11,$IY11,$JQ11,$KI11,$LA11,$LS11,$MK11,$NC11,$NU11,$OM11,$PE11,$PW11,$QO11,$RG11,$RY11,$SQ11) -> 0 | TJ11: =MIN($H11,$Z11,$AR11,$BJ11,$CB11,$CT11,$DL11,$ED11,$EV11,$FN11,$GF11,$GX11,$HP11,$IH11,$IZ11,$JR11,$KJ11,$LB11,$LT11,$ML11,$ND11,$NV11,$ON11,$PF11,$PX11,$QP11,$RH11,$RZ11,$SR11) -> 0 | TK11: =MIN($I11,$AA11,$AS11,$BK11,$CC11,$CU11,$DM11,$EE11,$EW11,$FO11,$GG11,$GY11,$HQ11,$II11,$JA11,$JS11,$KK11,$LC11,$LU11,$MM11,$NE11,$NW11,$OO11,$PG11,$PY11,$QQ11,$RI11,$SA11,$SS11) -> 0 | TL11: =MIN($J11,$AB11,$AT11,$BL11,$CD11,$CV11,$DN11,$EF11,$EX11,$FP11,$GH11,$GZ11,$HR11,$IJ11,$JB11,$JT11,$KL11,$LD11,$LV11,$MN11,$NF11,$NX11,$OP11,$PH11,$PZ11,$QR11,$RJ11,$SB11,$ST11) -> 0 | TM11: =MIN($K11,$AC11,$AU11,$BM11,$CE11,$CW11,$DO11,$EG11,$EY11,$FQ11,$GI11,$HA11,$HS11,$IK11,$JC11,$JU11,$KM11,$LE11,$LW11,$MO11,$NG11,$NY11,$OQ11,$PI11,$QA11,$QS11,$RK11,$SC11,$SU11) -> 0 | TN11: =MIN($L11,$AD11,$AV11,$BN11,$CF11,$CX11,$DP11,$EH11,$EZ11,$FR11,$GJ11,$HB11,$HT11,$IL11,$JD11,$JV11,$KN11,$LF11,$LX11,$MP11,$NH11,$NZ11,$OR11,$PJ11,$QB11,$QT11,$RL11,$SD11,$SV11) -> 0 | TO11: =MIN($M11,$AE11,$AW11,$BO11,$CG11,$CY11,$DQ11,$EI11,$FA11,$FS11,$GK11,$HC11,$HU11,$IM11,$JE11,$JW11,$KO11,$LG11,$LY11,$MQ11,$NI11,$OA11,$OS11,$PK11,$QC11,$QU11,$RM11,$SE11,$SW11) -> 0 | TP11: =MIN($N11,$AF11,$AX11,$BP11,$CH11,$CZ11,$DR11,$EJ11,$FB11,$FT11,$GL11,$HD11,$HV11,$IN11,$JF11,$JX11,$KP11,$LH11,$LZ11,$MR11,$NJ11,$OB11,$OT11,$PL11,$QD11,$QV11,$RN11,$SF11,$SX11) -> 0 | TQ11: =MIN($O11,$AG11,$AY11,$BQ11,$CI11,$DA11,$DS11,$EK11,$FC11,$FU11,$GM11,$HE11,$HW11,$IO11,$JG11,$JY11,$KQ11,$LI11,$MA11,$MS11,$NK11,$OC11,$OU11,$PM11,$QE11,$QW11,$RO11,$SG11,$SY11) -> 0 | TR11: =MIN($Q11,$AI11,$BA11,$BS11,$CK11,$DC11,$DU11,$EM11,$FE11,$FW11,$GO11,$HG11,$HY11,$IQ11,$JI11,$KA11,$KS11,$LK11,$MC11,$MU11,$NM11,$OE11,$OW11,$PO11,$QG11,$QY11,$RQ11,$SI11,$TA11) -> 0 | TS11: =MIN($R11,$AJ11,$BB11,$BT11,$CL11,$DD11,$DV11,$EN11,$FF11,$FX11,$GP11,$HH11,$HZ11,$IR11,$JJ11,$KB11,$KT11,$LL11,$MD11,$MV11,$NN11,$OF11,$OX11,$PP11,$QH11,$QZ11,$RR11,$SJ11,$TB11) -> 0 | TT11: =MIN($S11,$AK11,$BC11,$BU11,$CM11,$DE11,$DW11,$EO11,$FG11,$FY11,$GQ11,$HI11,$IA11,$IS11,$JK11,$KC11,$KU11,$LM11,$ME11,$MW11,$NO11,$OG11,$OY11,$PQ11,$QI11,$RA11,$RS11,$SK11,$TC11) -> 0 | TU11: =MEDIAN($B11,$T11,$AL11,$BD11,$BV11,$CN11,$DF11,$DX11,$EP11,$FH11,$FZ11,$GR11,$HJ11,$IB11,$IT11,$JL11,$KD11,$KV11,$LN11,$MF11,$MX11,$NP11,$OH11,$OZ11,$PR11,$QJ11,$RB11,$RT11,$SL11) -> 0 | TV11: =MEDIAN($C11,$U11,$AM11,$BE11,$BW11,$CO11,$DG11,$DY11,$EQ11,$FI11,$GA11,$GS11,$HK11,$IC11,$IU11,$JM11,$KE11,$KW11,$LO11,$MG11,$MY11,$NQ11,$OI11,$PA11,$PS11,$QK11,$RC11,$RU11,$SM11) -> 0 | TW11: =MEDIAN($D11,$V11,$AN11,$BF11,$BX11,$CP11,$DH11,$DZ11,$ER11,$FJ11,$GB11,$GT11,$HL11,$ID11,$IV11,$JN11,$KF11,$KX11,$LP11,$MH11,$MZ11,$NR11,$OJ11,$PB11,$PT11,$QL11,$RD11,$RV11,$SN11) -> 0 | TX11: =MEDIAN($E11,$W11,$AO11,$BG11,$BY11,$CQ11,$DI11,$EA11,$ES11,$FK11,$GC11,$GU11,$HM11,$IE11,$IW11,$JO11,$KG11,$KY11,$LQ11,$MI11,$NA11,$NS11,$OK11,$PC11,$PU11,$QM11,$RE11,$RW11,$SO11) -> 0 | TY11: =MEDIAN($F11,$X11,$AP11,$BH11,$BZ11,$CR11,$DJ11,$EB11,$ET11,$FL11,$GD11,$GV11,$HN11,$IF11,$IX11,$JP11,$KH11,$KZ11,$LR11,$MJ11,$NB11,$NT11,$OL11,$PD11,$PV11,$QN11,$RF11,$RX11,$SP11) -> 0 | TZ11: =MEDIAN($G11,$Y11,$AQ11,$BI11,$CA11,$CS11,$DK11,$EC11,$EU11,$FM11,$GE11,$GW11,$HO11,$IG11,$IY11,$JQ11,$KI11,$LA11,$LS11,$MK11,$NC11,$NU11,$OM11,$PE11,$PW11,$QO11,$RG11,$RY11,$SQ11) -> 0 | UA11: =MEDIAN($H11,$Z11,$AR11,$BJ11,$CB11,$CT11,$DL11,$ED11,$EV11,$FN11,$GF11,$GX11,$HP11,$IH11,$IZ11,$JR11,$KJ11,$LB11,$LT11,$ML11,$ND11,$NV11,$ON11,$PF11,$PX11,$QP11,$RH11,$RZ11,$SR11) -> 0 | UB11: =MEDIAN($I11,$AA11,$AS11,$BK11,$CC11,$CU11,$DM11,$EE11,$EW11,$FO11,$GG11,$GY11,$HQ11,$II11,$JA11,$JS11,$KK11,$LC11,$LU11,$MM11,$NE11,$NW11,$OO11,$PG11,$PY11,$QQ11,$RI11,$SA11,$SS11) -> 0 | UC11: =MEDIAN($J11,$AB11,$AT11,$BL11,$CD11,$CV11,$DN11,$EF11,$EX11,$FP11,$GH11,$GZ11,$HR11,$IJ11,$JB11,$JT11,$KL11,$LD11,$LV11,$MN11,$NF11,$NX11,$OP11,$PH11,$PZ11,$QR11,$RJ11,$SB11,$ST11) -> 0 | UD11: =MEDIAN($K11,$AC11,$AU11,$BM11,$CE11,$CW11,$DO11,$EG11,$EY11,$FQ11,$GI11,$HA11,$HS11,$IK11,$JC11,$JU11,$KM11,$LE11,$LW11,$MO11,$NG11,$NY11,$OQ11,$PI11,$QA11,$QS11,$RK11,$SC11,$SU11) -> 0 | UE11: =MEDIAN($L11,$AD11,$AV11,$BN11,$CF11,$CX11,$DP11,$EH11,$EZ11,$FR11,$GJ11,$HB11,$HT11,$IL11,$JD11,$JV11,$KN11,$LF11,$LX11,$MP11,$NH11,$NZ11,$OR11,$PJ11,$QB11,$QT11,$RL11,$SD11,$SV11) -> 0 | UF11: =MEDIAN($M11,$AE11,$AW11,$BO11,$CG11,$CY11,$DQ11,$EI11,$FA11,$FS11,$GK11,$HC11,$HU11,$IM11,$JE11,$JW11,$KO11,$LG11,$LY11,$MQ11,$NI11,$OA11,$OS11,$PK11,$QC11,$QU11,$RM11,$SE11,$SW11) -> 0 | UG11: =MEDIAN($N11,$AF11,$AX11,$BP11,$CH11,$CZ11,$DR11,$EJ11,$FB11,$FT11,$GL11,$HD11,$HV11,$IN11,$JF11,$JX11,$KP11,$LH11,$LZ11,$MR11,$NJ11,$OB11,$OT11,$PL11,$QD11,$QV11,$RN11,$SF11,$SX11) -> 0 | UH11: =MEDIAN($O11,$AG11,$AY11,$BQ11,$CI11,$DA11,$DS11,$EK11,$FC11,$FU11,$GM11,$HE11,$HW11,$IO11,$JG11,$JY11,$KQ11,$LI11,$MA11,$MS11,$NK11,$OC11,$OU11,$PM11,$QE11,$QW11,$RO11,$SG11,$SY11) -> 0 | UI11: =MEDIAN($Q11,$AI11,$BA11,$BS11,$CK11,$DC11,$DU11,$EM11,$FE11,$FW11,$GO11,$HG11,$HY11,$IQ11,$JI11,$KA11,$KS11,$LK11,$MC11,$MU11,$NM11,$OE11,$OW11,$PO11,$QG11,$QY11,$RQ11,$SI11,$TA11) -> 0 | UJ11: =MEDIAN($R11,$AJ11,$BB11,$BT11,$CL11,$DD11,$DV11,$EN11,$FF11,$FX11,$GP11,$HH11,$HZ11,$IR11,$JJ11,$KB11,$KT11,$LL11,$MD11,$MV11,$NN11,$OF11,$OX11,$PP11,$QH11,$QZ11,$RR11,$SJ11,$TB11) -> 0 | UK11: =MEDIAN($S11,$AK11,$BC11,$BU11,$CM11,$DE11,$DW11,$EO11,$FG11,$FY11,$GQ11,$HI11,$IA11,$IS11,$JK11,$KC11,$KU11,$LM11,$ME11,$MW11,$NO11,$OG11,$OY11,$PQ11,$QI11,$RA11,$RS11,$SK11,$TC11) -> 0 | UL11: =MAX($B11,$T11,$AL11,$BD11,$BV11,$CN11,$DF11,$DX11,$EP11,$FH11,$FZ11,$GR11,$HJ11,$IB11,$IT11,$JL11,$KD11,$KV11,$LN11,$MF11,$MX11,$NP11,$OH11,$OZ11,$PR11,$QJ11,$RB11,$RT11,$SL11) -> 0 | UM11: =MAX($C11,$U11,$AM11,$BE11,$BW11,$CO11,$DG11,$DY11,$EQ11,$FI11,$GA11,$GS11,$HK11,$IC11,$IU11,$JM11,$KE11,$KW11,$LO11,$MG11,$MY11,$NQ11,$OI11,$PA11,$PS11,$QK11,$RC11,$RU11,$SM11) -> 0 | UN11: =MAX($D11,$V11,$AN11,$BF11,$BX11,$CP11,$DH11,$DZ11,$ER11,$FJ11,$GB11,$GT11,$HL11,$ID11,$IV11,$JN11,$KF11,$KX11,$LP11,$MH11,$MZ11,$NR11,$OJ11,$PB11,$PT11,$QL11,$RD11,$RV11,$SN11) -> 0 | UO11: =MAX($E11,$W11,$AO11,$BG11,$BY11,$CQ11,$DI11,$EA11,$ES11,$FK11,$GC11,$GU11,$HM11,$IE11,$IW11,$JO11,$KG11,$KY11,$LQ11,$MI11,$NA11,$NS11,$OK11,$PC11,$PU11,$QM11,$RE11,$RW11,$SO11) -> 0 | UP11: =MAX($F11,$X11,$AP11,$BH11,$BZ11,$CR11,$DJ11,$EB11,$ET11,$FL11,$GD11,$GV11,$HN11,$IF11,$IX11,$JP11,$KH11,$KZ11,$LR11,$MJ11,$NB11,$NT11,$OL11,$PD11,$PV11,$QN11,$RF11,$RX11,$SP11) -> 0 | UQ11: =MAX($G11,$Y11,$AQ11,$BI11,$CA11,$CS11,$DK11,$EC11,$EU11,$FM11,$GE11,$GW11,$HO11,$IG11,$IY11,$JQ11,$KI11,$LA11,$LS11,$MK11,$NC11,$NU11,$OM11,$PE11,$PW11,$QO11,$RG11,$RY11,$SQ11) -> 0 | UR11: =MAX($H11,$Z11,$AR11,$BJ11,$CB11,$CT11,$DL11,$ED11,$EV11,$FN11,$GF11,$GX11,$HP11,$IH11,$IZ11,$JR11,$KJ11,$LB11,$LT11,$ML11,$ND11,$NV11,$ON11,$PF11,$PX11,$QP11,$RH11,$RZ11,$SR11) -> 0 | US11: =MAX($I11,$AA11,$AS11,$BK11,$CC11,$CU11,$DM11,$EE11,$EW11,$FO11,$GG11,$GY11,$HQ11,$II11,$JA11,$JS11,$KK11,$LC11,$LU11,$MM11,$NE11,$NW11,$OO11,$PG11,$PY11,$QQ11,$RI11,$SA11,$SS11) -> 0 | UT11: =MAX($J11,$AB11,$AT11,$BL11,$CD11,$CV11,$DN11,$EF11,$EX11,$FP11,$GH11,$GZ11,$HR11,$IJ11,$JB11,$JT11,$KL11,$LD11,$LV11,$MN11,$NF11,$NX11,$OP11,$PH11,$PZ11,$QR11,$RJ11,$SB11,$ST11) -> 0 | UU11: =MAX($K11,$AC11,$AU11,$BM11,$CE11,$CW11,$DO11,$EG11,$EY11,$FQ11,$GI11,$HA11,$HS11,$IK11,$JC11,$JU11,$KM11,$LE11,$LW11,$MO11,$NG11,$NY11,$OQ11,$PI11,$QA11,$QS11,$RK11,$SC11,$SU11) -> 0 | UV11: =MAX($L11,$AD11,$AV11,$BN11,$CF11,$CX11,$DP11,$EH11,$EZ11,$FR11,$GJ11,$HB11,$HT11,$IL11,$JD11,$JV11,$KN11,$LF11,$LX11,$MP11,$NH11,$NZ11,$OR11,$PJ11,$QB11,$QT11,$RL11,$SD11,$SV11) -> 0 | UW11: =MAX($M11,$AE11,$AW11,$BO11,$CG11,$CY11,$DQ11,$EI11,$FA11,$FS11,$GK11,$HC11,$HU11,$IM11,$JE11,$JW11,$KO11,$LG11,$LY11,$MQ11,$NI11,$OA11,$OS11,$PK11,$QC11,$QU11,$RM11,$SE11,$SW11) -> 0 | UX11: =MAX($N11,$AF11,$AX11,$BP11,$CH11,$CZ11,$DR11,$EJ11,$FB11,$FT11,$GL11,$HD11,$HV11,$IN11,$JF11,$JX11,$KP11,$LH11,$LZ11,$MR11,$NJ11,$OB11,$OT11,$PL11,$QD11,$QV11,$RN11,$SF11,$SX11) -> 0 | UY11: =MAX($O11,$AG11,$AY11,$BQ11,$CI11,$DA11,$DS11,$EK11,$FC11,$FU11,$GM11,$HE11,$HW11,$IO11,$JG11,$JY11,$KQ11,$LI11,$MA11,$MS11,$NK11,$OC11,$OU11,$PM11,$QE11,$QW11,$RO11,$SG11,$SY11) -> 0 | UZ11: =MAX($Q11,$AI11,$BA11,$BS11,$CK11,$DC11,$DU11,$EM11,$FE11,$FW11,$GO11,$HG11,$HY11,$IQ11,$JI11,$KA11,$KS11,$LK11,$MC11,$MU11,$NM11,$OE11,$OW11,$PO11,$QG11,$QY11,$RQ11,$SI11,$TA11) -> 0 | VA11: =MAX($R11,$AJ11,$BB11,$BT11,$CL11,$DD11,$DV11,$EN11,$FF11,$FX11,$GP11,$HH11,$HZ11,$IR11,$JJ11,$KB11,$KT11,$LL11,$MD11,$MV11,$NN11,$OF11,$OX11,$PP11,$QH11,$QZ11,$RR11,$SJ11,$TB11) -> 0 | VB11: =MAX($S11,$AK11,$BC11,$BU11,$CM11,$DE11,$DW11,$EO11,$FG11,$FY11,$GQ11,$HI11,$IA11,$IS11,$JK11,$KC11,$KU11,$LM11,$ME11,$MW11,$NO11,$OG11,$OY11,$PQ11,$QI11,$RA11,$RS11,$SK11,$TC11) -> 0
A12: ./bsp-0100 | G12: 0 | I12: 237 | J12: 0 | L12: 1.34 | P12: SATISFIABLE | Q12: 1.34 | R12: 0 | AQ12: 0 | AS12: 2483 | AT12: 0 | AV12: 1200 | BA12: 600 | BB12: 1 | BD12: 55851 | BE12: 1657705 | BF12: 599.9 | BG12: 1297458 | BH12: 25538848 | BI12: 0 | BJ12: 77.18 | BK12: 3362 | BL12: 0 | BM12: 0 | BN12: 1200 | BO12: 3984 | BP12: 26564095 | BQ12: 522.72 | BR12: UNKNOWN | BS12: 600 | BT12: 1 | BU12: 20402 | BV12: 15454 | BW12: 70 | BX12: 2.195 | BY12: 13 | BZ12: 10700 | CA12: 0 | CB12: 2.155 | CC12: 184 | CD12: 0 | CE12: 1 | CF12: 2.23 | CG12: 0 | CH12: 1025753 | CI12: 0.04 | CJ12: SATISFIABLE | CK12: 2.23 | CL12: 0 | CM12: 10299 | CN12: 70998 | CO12: 54147 | CP12: 89.598 | CQ12: 36573 | CR12: 25539056 | CS12: 0 | CT12: 74.048 | CU12: 3314 | CV12: 0 | CW12: 1 | CX12: 89.75 | CY12: 188 | CZ12: 26579440 | DA12: 15.55 | DB12: SATISFIABLE | DC12: 89.75 | DD12: 0 | DE12: 20406 | DF12: 30601 | DG12: 54 | DH12: 1.868 | DI12: 0 | DJ12: 41187 | DK12: 0 | DL12: 1.838 | DM12: 113 | DN12: 0 | DO12: 1 | DP12: 1.9 | DQ12: 0 | DR12: 1040998 | DS12: 0.03 | DT12: SATISFIABLE | DU12: 1.9 | DV12: 0 | DW12: 20396 | DX12: 70998 | DY12: 32514 | DZ12: 97.611 | EA12: 20888 | EB12: 28569656 | EC12: 0 | ED12: 74.331 | EE12: 3651 | EF12: 0 | EG12: 1 | EH12: 97.81 | EI12: 124 | EJ12: 26579440 | EK12: 23.28 | EL12: SATISFIABLE | EM12: 97.81 | EN12: 0 | EO12: 1030606 | EP12: 30601 | EQ12: 56 | ER12: 3.656 | ES12: 4 | ET12: 3071087 | EU12: 0 | EV12: 3.576 | EW12: 473 | EX12: 0 | EY12: 1 | EZ12: 3.81 | FA12: 0 | FB12: 1040998 | FC12: 0.08 | FD12: SATISFIABLE | FE12: 3.81 | FF12: 0 | FG12: 1030396 | FH12: 40700 | FI12: 63255 | FJ12: 94.16 | FK12: 42903 | FL12: 25538446 | FM12: 0 | FN12: 74.93 | FO12: 3274 | FP12: 0 | FQ12: 1 | FR12: 94.31 | FS12: 218 | FT12: 25538546 | FU12: 19.23 | FV12: SATISFIABLE | FW12: 94.31 | FX12: 0 | FY12: 20300 | FZ12: 303 | GA12: 31 | GB12: 0.002 | GC12: 0 | GD12: 2 | GE12: 0 | GF12: 0.002 | GG12: 0 | GH12: 0 | GI12: 1 | GJ12: 0.04 | GK12: 0 | GL12: 304 | GM12: 0 | GN12: SATISFIABLE | GO12: 0.04 | GP12: 0 | GQ12: 101 | GR12: 40702 | GS12: 100 | GT12: 71.272 | GU12: 0 | GV12: 25538446 | GW12: 0 | GX12: 71.252 | GY12: 3273 | GZ12: 0 | HA12: 1 | HB12: 71.43 | HC12: 0 | HD12: 25538548 | HE12: 0.02 | HF12: SATISFIABLE | HG12: 71.43 | HH12: 0 | HI12: 20300 | HJ12: 1081200 | HK12: 5631 | HL12: 599.985 | HM12: 3115 | HN12: 28569456 | HO12: 0 | HP12: 79.385 | HQ12: 4459 | HR12: 0 | HS12: 0 | HT12: 1200 | HU12: 26 | HV12: 26579442 | HW12: 520.6 | HX12: UNKNOWN | HY12: 600 | HZ12: 1 | IA12: 1030506 | IB12: 305 | IC12: 97 | ID12: 0.007 | IE12: 0 | IF12: 2 | IG12: 0 | IH12: 0.007 | II12: 0 | IJ12: 0 | IK12: 1 | IL12: 0.04 | IM12: 0 | IN12: 306 | IO12: 0 | IP12: SATISFIABLE | IQ12: 0.04 | IR12: 0 | IS12: 101 | IT12: 40702 | IU12: 63255 | IV12: 89.241 | IW12: 42903 | IX12: 25538446 | IY12: 0 | IZ12: 69.401 | JA12: 3272 | JB12: 0 | JC12: 1 | JD12: 89.39 | JE12: 218 | JF12: 25538548 | JG12: 19.84 | JH12: SATISFIABLE | JI12: 89.39 | JJ12: 0 | JK12: 20300 | JL12: 305 | JM12: 31 | JN12: 0.005 | JO12: 0 | JP12: 2 | JQ12: 0 | JR12: 0.005 | JS12: 0 | JT12: 0 | JU12: 1 | JV12: 0.04 | JW12: 0 | JX12: 306 | JY12: 0 | JZ12: SATISFIABLE | KA12: 0.04 | KB12: 0 | KC12: 101 | KD12: 55851 | KE12: 1644572 | KF12: 599.981 | KG12: 1286668 | KH12: 25538848 | KI12: 0 | KJ12: 74.291 | KK12: 3363 | KL12: 0 | KM12: 0 | KN12: 1200 | KO12: 3958 | KP12: 26564095 | KQ12: 525.69 | KR12: UNKNOWN | KS12: 600 | KT12: 1 | KU12: 20402 | KV12: 15454 | KW12: 70 | KX12: 2.166 | KY12: 13 | KZ12: 10700 | LA12: 0 | LB12: 2.126 | LC12: 161 | LD12: 0 | LE12: 1 | LF12: 2.33 | LG12: 0 | LH12: 1025753 | LI12: 0.04 | LJ12: SATISFIABLE | LK12: 2.33 | LL12: 0 | LM12: 10299 | LN12: 70998 | LO12: 54147 | LP12: 89.698 | LQ12: 36573 | LR12: 25539056 | LS12: 0 | LT12: 73.978 | LU12: 3315 | LV12: 0 | LW12: 1 | LX12: 89.86 | LY12: 188 | LZ12: 26579440 | MA12: 15.72 | MB12: SATISFIABLE | MC12: 89.86 | MD12: 0 | ME12: 20406 | MF12: 30601 | MG12: 54 | MH12: 1.899 | MI12: 0 | MJ12: 41187 | MK12: 0 | ML12: 1.869 | MM12: 141 | MN12: 0 | MO12: 1 | MP12: 1.93 | MQ12: 0 | MR12: 1040998 | MS12: 0.03 | MT12: SATISFIABLE | MU12: 1.93 | MV12: 0 | MW12: 20396 | MX12: 70998 | MY12: 32514 | MZ12: 99.982 | NA12: 20888 | NB12: 28569656 | NC12: 0 | ND12: 76.362 | NE12: 3756 | NF12: 0 | NG12: 1 | NH12: 100.21 | NI12: 124 | NJ12: 26579440 | NK12: 23.62 | NL12: SATISFIABLE | NM12: 100.21 | NN12: 0 | NO12: 1030606 | NP12: 30601 | NQ12: 56 | NR12: 3.649 | NS12: 4 | NT12: 3071087 | NU12: 0 | NV12: 3.569 | NW12: 576 | NX12: 0 | NY12: 1 | NZ12: 3.73 | OA12: 0 | OB12: 1040998 | OC12: 0.08 | OD12: SATISFIABLE | OE12: 3.73 | OF12: 0 | OG12: 1030396 | OH12: 40700 | OI12: 63255 | OJ12: 88.402 | OK12: 42903 | OL12: 25538446 | OM12: 0 | ON12: 70.232 | OO12: 3274 | OP12: 0 | OQ12: 1 | OR12: 88.57 | OS12: 218 | OT12: 25538546 | OU12: 18.17 | OV12: SATISFIABLE | OW12: 88.57 | OX12: 0 | OY12: 20300 | OZ12: 303 | PA12: 31 | PB12: 0.004 | PC12: 0 | PD12: 2 | PE12: 0 | PF12: 0.004 | PG12: 0 | PH12: 0 | PI12: 1 | PJ12: 0.06 | PK12: 0 | PL12: 304 | PM12: 0 | PN12: SATISFIABLE | PO12: 0.06 | PP12: 0 | PQ12: 101 | PR12: 40703 | PS12: 100 | PT12: 74.242 | PU12: 0 | PV12: 25538446 | PW12: 0 | PX12: 74.182 | PY12: 3278 | PZ12: 0 | QA12: 1 | QB12: 74.5 | QC12: 0 | QD12: 25538549 | QE12: 0.06 | QF12: SATISFIABLE | QG12: 74.5 | QH12: 0 | QI12: 20300 | QJ12: 1081201 | QK12: 33349 | QL12: 599.977 | QM12: 21629 | QN12: 28569456 | QO12: 0 | QP12: 109.727 | QQ12: 4216 | QR12: 0 | QS12: 0 | QT12: 1200 | QU12: 125 | QV12: 26579443 | QW12: 490.25 | QX12: UNKNOWN | QY12: 600 | QZ12: 1 | RA12: 1030506 | RB12: 306 | RC12: 97 | RD12: 0.06 | RE12: 0 | RF12: 2 | RG12: 0 | RH12: 0.02 | RI12: 0 | RJ12: 0 | RK12: 1 | RL12: 0.09 | RM12: 0 | RN12: 307 | RO12: 0.04 | RP12: SATISFIABLE | RQ12: 0.09 | RR12: 0 | RS12: 101 | RT12: 40703 | RU12: 63255 | RV12: 97.627 | RW12: 42903 | RX12: 25538446 | RY12: 0 | RZ12: 76.097 | SA12: 3277 | SB12: 0 | SC12: 1 | SD12: 97.81 | SE12: 218 | SF12: 25538549 | SG12: 21.53 | SH12: SATISFIABLE | SI12: 97.81 | SJ12: 0 | SK12: 20300 | SL12: 306 | SM12: 31 | SN12: 0.028 | SO12: 0 | SP12: 2 | SQ12: 0 | SR12: 0.028 | SS12: 0 | ST12: 0 | SU12: 1 | SV12: 0.06 | SW12: 0 | SX12: 307 | SY12: 0 | SZ12: SATISFIABLE | TA12: 0.06 | TB12: 0 | TC12: 101 | TD12: =MIN($B12,$T12,$AL12,$BD12,$BV12,$CN12,$DF12,$DX12,$EP12,$FH12,$FZ12,$GR12,$HJ12,$IB12,$IT12,$JL12,$KD12,$KV12,$LN12,$MF12,$MX12,$NP12,$OH12,$OZ12,$PR12,$QJ12,$RB12,$RT12,$SL12) -> 0 | TE12: =MIN($C12,$U12,$AM12,$BE12,$BW12,$CO12,$DG12,$DY12,$EQ12,$FI12,$GA12,$GS12,$HK12,$IC12,$IU12,$JM12,$KE12,$KW12,$LO12,$MG12,$MY12,$NQ12,$OI12,$PA12,$PS12,$QK12,$RC12,$RU12,$SM12) -> 0 | TF12: =MIN($D12,$V12,$AN12,$BF12,$BX12,$CP12,$DH12,$DZ12,$ER12,$FJ12,$GB12,$GT12,$HL12,$ID12,$IV12,$JN12,$KF12,$KX12,$LP12,$MH12,$MZ12,$NR12,$OJ12,$PB12,$PT12,$QL12,$RD12,$RV12,$SN12) -> 0 | TG12: =MIN($E12,$W12,$AO12,$BG12,$BY12,$CQ12,$DI12,$EA12,$ES12,$FK12,$GC12,$GU12,$HM12,$IE12,$IW12,$JO12,$KG12,$KY12,$LQ12,$MI12,$NA12,$NS12,$OK12,$PC12,$PU12,$QM12,$RE12,$RW12,$SO12) -> 0 | TH12: =MIN($F12,$X12,$AP12,$BH12,$BZ12,$CR12,$DJ12,$EB12,$ET12,$FL12,$GD12,$GV12,$HN12,$IF12,$IX12,$JP12,$KH12,$KZ12,$LR12,$MJ12,$NB12,$NT12,$OL12,$PD12,$PV12,$QN12,$RF12,$RX12,$SP12) -> 0 | TI12: =MIN($G12,$Y12,$AQ12,$BI12,$CA12,$CS12,$DK12,$EC12,$EU12,$FM12,$GE12,$GW12,$HO12,$IG12,$IY12,$JQ12,$KI12,$LA12,$LS12,$MK12,$NC12,$NU12,$OM12,$PE12,$PW12,$QO12,$RG12,$RY12,$SQ12) -> 0 | TJ12: =MIN($H12,$Z12,$AR12,$BJ12,$CB12,$CT12,$DL12,$ED12,$EV12,$FN12,$GF12,$GX12,$HP12,$IH12,$IZ12,$JR12,$KJ12,$LB12,$LT12,$ML12,$ND12,$NV12,$ON12,$PF12,$PX12,$QP12,$RH12,$RZ12,$SR12) -> 0 | TK12: =MIN($I12,$AA12,$AS12,$BK12,$CC12,$CU12,$DM12,$EE12,$EW12,$FO12,$GG12,$GY12,$HQ12,$II12,$JA12,$JS12,$KK12,$LC12,$LU12,$MM12,$NE12,$NW12,$OO12,$PG12,$PY12,$QQ12,$RI12,$SA12,$SS12) -> 0 | TL12: =MIN($J12,$AB12,$AT12,$BL12,$CD12,$CV12,$DN12,$EF12,$EX12,$FP12,$GH12,$GZ12,$HR12,$IJ12,$JB12,$JT12,$KL12,$LD12,$LV12,$MN12,$NF12,$NX12,$OP12,$PH12,$PZ12,$QR12,$RJ12,$SB12,$ST12) -> 0 | TM12: =MIN($K12,$AC12,$AU12,$BM12,$CE12,$CW12,$DO12,$EG12,$EY12,$FQ12,$GI12,$HA12,$HS12,$IK12,$JC12,$JU12,$KM12,$LE12,$LW12,$MO12,$NG12,$NY12,$OQ12,$PI12,$QA12,$QS12,$RK12,$SC12,$SU12) -> 0 | TN12: =MIN($L12,$AD12,$AV12,$BN12,$CF12,$CX12,$DP12,$EH12,$EZ12,$FR12,$GJ12,$HB12,$HT12,$IL12,$JD12,$JV12,$KN12,$LF12,$LX12,$MP12,$NH12,$NZ12,$OR12,$PJ12,$QB12,$QT12,$RL12,$SD12,$SV12) -> 0 | TO12: =MIN($M12,$AE12,$AW12,$BO12,$CG12,$CY12,$DQ12,$EI12,$FA12,$FS12,$GK12,$HC12,$HU12,$IM12,$JE12,$JW12,$KO12,$LG12,$LY12,$MQ12,$NI12,$OA12,$OS12,$PK12,$QC12,$QU12,$RM12,$SE12,$SW12) -> 0 | TP12: =MIN($N12,$AF12,$AX12,$BP12,$CH12,$CZ12,$DR12,$EJ12,$FB12,$FT12,$GL12,$HD12,$HV12,$IN12,$JF12,$JX12,$KP12,$LH12,$LZ12,$MR12,$NJ12,$OB12,$OT12,$PL12,$QD12,$QV12,$RN12,$SF12,$SX12) -> 0 | TQ12: =MIN($O12,$AG12,$AY12,$BQ12,$CI12,$DA12,$DS12,$EK12,$FC12,$FU12,$GM12,$HE12,$HW12,$IO12,$JG12,$JY12,$KQ12,$LI12,$MA12,$MS12,$NK12,$OC12,$OU12,$PM12,$QE12,$QW12,$RO12,$SG12,$SY12) -> 0 | TR12: =MIN($Q12,$AI12,$BA12,$BS12,$CK12,$DC12,$DU12,$EM12,$FE12,$FW12,$GO12,$HG12,$HY12,$IQ12,$JI12,$KA12,$KS12,$LK12,$MC12,$MU12,$NM12,$OE12,$OW12,$PO12,$QG12,$QY12,$RQ12,$SI12,$TA12) -> 0 | TS12: =MIN($R12,$AJ12,$BB12,$BT12,$CL12,$DD12,$DV12,$EN12,$FF12,$FX12,$GP12,$HH12,$HZ12,$IR12,$JJ12,$KB12,$KT12,$LL12,$MD12,$MV12,$NN12,$OF12,$OX12,$PP12,$QH12,$QZ12,$RR12,$SJ12,$TB12) -> 0 | TT12: =MIN($S12,$AK12,$BC12,$BU12,$CM12,$DE12,$DW12,$EO12,$FG12,$FY12,$GQ12,$HI12,$IA12,$IS12,$JK12,$KC12,$KU12,$LM12,$ME12,$MW12,$NO12,$OG12,$OY12,$PQ12,$QI12,$RA12,$RS12,$SK12,$TC12) -> 0 | TU12: =MEDIAN($B12,$T12,$AL12,$BD12,$BV12,$CN12,$DF12,$DX12,$EP12,$FH12,$FZ12,$GR12,$HJ12,$IB12,$IT12,$JL12,$KD12,$KV12,$LN12,$MF12,$MX12,$NP12,$OH12,$OZ12,$PR12,$QJ12,$RB12,$RT12,$SL12) -> 0 | TV12: =MEDIAN($C12,$U12,$AM12,$BE12,$BW12,$CO12,$DG12,$DY12,$EQ12,$FI12,$GA12,$GS12,$HK12,$IC12,$IU12,$JM12,$KE12,$KW12,$LO12,$MG12,$MY12,$NQ12,$OI12,$PA12,$PS12,$QK12,$RC12,$RU12,$SM12) -> 0 | TW12: =MEDIAN($D12,$V12,$AN12,$BF12,$BX12,$CP12,$DH12,$DZ12,$ER12,$FJ12,$GB12,$GT12,$HL12,$ID12,$IV12,$JN12,$KF12,$KX12,$LP12,$MH12,$MZ12,$NR12,$OJ12,$PB12,$PT12,$QL12,$RD12,$RV12,$SN12) -> 0 | TX12: =MEDIAN($E12,$W12,$AO12,$BG12,$BY12,$CQ12,$DI12,$EA12,$ES12,$FK12,$GC12,$GU12,$HM12,$IE12,$IW12,$JO12,$KG12,$KY12,$LQ12,$MI12,$NA12,$NS12,$OK12,$PC12,$PU12,$QM12,$RE12,$RW12,$SO12) -> 0 | TY12: =MEDIAN($F12,$X12,$AP12,$BH12,$BZ12,$CR12,$DJ12,$EB12,$ET12,$FL12,$GD12,$GV12,$HN12,$IF12,$IX12,$JP12,$KH12,$KZ12,$LR12,$MJ12,$NB12,$NT12,$OL12,$PD12,$PV12,$QN12,$RF12,$RX12,$SP12) -> 0 | TZ12: =MEDIAN($G12,$Y12,$AQ12,$BI12,$CA12,$CS12,$DK12,$EC12,$EU12,$FM12,$GE12,$GW12,$HO12,$IG12,$IY12,$JQ12,$KI12,$LA12,$LS12,$MK12,$NC12,$NU12,$OM12,$PE12,$PW12,$QO12,$RG12,$RY12,$SQ12) -> 0 | UA12: =MEDIAN($H12,$Z12,$AR12,$BJ12,$CB12,$CT12,$DL12,$ED12,$EV12,$FN12,$GF12,$GX12,$HP12,$IH12,$IZ12,$JR12,$KJ12,$LB12,$LT12,$ML12,$ND12,$NV12,$ON12,$PF12,$PX12,$QP12,$RH12,$RZ12,$SR12) -> 0 | UB12: =MEDIAN($I12,$AA12,$AS12,$BK12,$CC12,$CU12,$DM12,$EE12,$EW12,$FO12,$GG12,$GY12,$HQ12,$II12,$JA12,$JS12,$KK12,$LC12,$LU12,$MM12,$NE12,$NW12,$OO12,$PG12,$PY12,$QQ12,$RI12,$SA12,$SS12) -> 0 | UC12: =MEDIAN($J12,$AB12,$AT12,$BL12,$CD12,$CV12,$DN12,$EF12,$EX12,$FP12,$GH12,$GZ12,$HR12,$IJ12,$JB12,$JT12,$KL12,$LD12,$LV12,$MN12,$NF12,$NX12,$OP12,$PH12,$PZ12,$QR12,$RJ12,$SB12,$ST12) -> 0 | UD12: =MEDIAN($K12,$AC12,$AU12,$BM12,$CE12,$CW12,$DO12,$EG12,$EY12,$FQ12,$GI12,$HA12,$HS12,$IK12,$JC12,$JU12,$KM12,$LE12,$LW12,$MO12,$NG12,$NY12,$OQ12,$PI12,$QA12,$QS12,$RK12,$SC12,$SU12) -> 0 | UE12: =MEDIAN($L12,$AD12,$AV12,$BN12,$CF12,$CX12,$DP12,$EH12,$EZ12,$FR12,$GJ12,$HB12,$HT12,$IL12,$JD12,$JV12,$KN12,$LF12,$LX12,$MP12,$NH12,$NZ12,$OR12,$PJ12,$QB12,$QT12,$RL12,$SD12,$SV12) -> 0 | UF12: =MEDIAN($M12,$AE12,$AW12,$BO12,$CG12,$CY12,$DQ12,$EI12,$FA12,$FS12,$GK12,$HC12,$HU12,$IM12,$JE12,$JW12,$KO12,$LG12,$LY12,$MQ12,$NI12,$OA12,$OS12,$PK12,$QC12,$QU12,$RM12,$SE12,$SW12) -> 0 | UG12: =MEDIAN($N12,$AF12,$AX12,$BP12,$CH12,$CZ12,$DR12,$EJ12,$FB12,$FT12,$GL12,$HD12,$HV12,$IN12,$JF12,$JX12,$KP12,$LH12,$LZ12,$MR12,$NJ12,$OB12,$OT12,$PL12,$QD12,$QV12,$RN12,$SF12,$SX12) -> 0 | UH12: =MEDIAN($O12,$AG12,$AY12,$BQ12,$CI12,$DA12,$DS12,$EK12,$FC12,$FU12,$GM12,$HE12,$HW12,$IO12,$JG12,$JY12,$KQ12,$LI12,$MA12,$MS12,$NK12,$OC12,$OU12,$PM12,$QE12,$QW12,$RO12,$SG12,$SY12) -> 0 | UI12: =MEDIAN($Q12,$AI12,$BA12,$BS12,$CK12,$DC12,$DU12,$EM12,$FE12,$FW12,$GO12,$HG12,$HY12,$IQ12,$JI12,$KA12,$KS12,$LK12,$MC12,$MU12,$NM12,$OE12,$OW12,$PO12,$QG12,$QY12,$RQ12,$SI12,$TA12) -> 0 | UJ12: =MEDIAN($R12,$AJ12,$BB12,$BT12,$CL12,$DD12,$DV12,$EN12,$FF12,$FX12,$GP12,$HH12,$HZ12,$IR12,$JJ12,$KB12,$KT12,$LL12,$MD12,$MV12,$NN12,$OF12,$OX12,$PP12,$QH12,$QZ12,$RR12,$SJ12,$TB12) -> 0 | UK12: =MEDIAN($S12,$AK12,$BC12,$BU12,$CM12,$DE12,$DW12,$EO12,$FG12,$FY12,$GQ12,$HI12,$IA12,$IS12,$JK12,$KC12,$KU12,$LM12,$ME12,$MW12,$NO12,$OG12,$OY12,$PQ12,$QI12,$RA12,$RS12,$SK12,$TC12) -> 0 | UL12: =MAX($B12,$T12,$AL12,$BD12,$BV12,$CN12,$DF12,$DX12,$EP12,$FH12,$FZ12,$GR12,$HJ12,$IB12,$IT12,$JL12,$KD12,$KV12,$LN12,$MF12,$MX12,$NP12,$OH12,$OZ12,$PR12,$QJ12,$RB12,$RT12,$SL12) -> 0 | UM12: =MAX($C12,$U12,$AM12,$BE12,$BW12,$CO12,$DG12,$DY12,$EQ12,$FI12,$GA12,$GS12,$HK12,$IC12,$IU12,$JM12,$KE12,$KW12,$LO12,$MG12,$MY12,$NQ12,$OI12,$PA12,$PS12,$QK12,$RC12,$RU12,$SM12) -> 0 | UN12: =MAX($D12,$V12,$AN12,$BF12,$BX12,$CP12,$DH12,$DZ12,$ER12,$FJ12,$GB12,$GT12,$HL12,$ID12,$IV12,$JN12,$KF12,$KX12,$LP12,$MH12,$MZ12,$NR12,$OJ12,$PB12,$PT12,$QL12,$RD12,$RV12,$SN12) -> 0 | UO12: =MAX($E12,$W12,$AO12,$BG12,$BY12,$CQ12,$DI12,$EA12,$ES12,$FK12,$GC12,$GU12,$HM12,$IE12,$IW12,$JO12,$KG12,$KY12,$LQ12,$MI12,$NA12,$NS12,$OK12,$PC12,$PU12,$QM12,$RE12,$RW12,$SO12) -> 0 | UP12: =MAX($F12,$X12,$AP12,$BH12,$BZ12,$CR12,$DJ12,$EB12,$ET12,$FL12,$GD12,$GV12,$HN12,$IF12,$IX12,$JP12,$KH12,$KZ12,$LR12,$MJ12,$NB12,$NT12,$OL12,$PD12,$PV12,$QN12,$RF12,$RX12,$SP12) -> 0 | UQ12: =MAX($G12,$Y12,$AQ12,$BI12,$CA12,$CS12,$DK12,$EC12,$EU12,$FM12,$GE12,$GW12,$HO12,$IG12,$IY12,$JQ12,$KI12,$LA12,$LS12,$MK12,$NC12,$NU12,$OM12,$PE12,$PW12,$QO12,$RG12,$RY12,$SQ12) -> 0 | UR12: =MAX($H12,$Z12,$AR12,$BJ12,$CB12,$CT12,$DL12,$ED12,$EV12,$FN12,$GF12,$GX12,$HP12,$IH12,$IZ12,$JR12,$KJ12,$LB12,$LT12,$ML12,$ND12,$NV12,$ON12,$PF12,$PX12,$QP12,$RH12,$RZ12,$SR12) -> 0 | US12: =MAX($I12,$AA12,$AS12,$BK12,$CC12,$CU12,$DM12,$EE12,$EW12,$FO12,$GG12,$GY12,$HQ12,$II12,$JA12,$JS12,$KK12,$LC12,$LU12,$MM12,$NE12,$NW12,$OO12,$PG12,$PY12,$QQ12,$RI12,$SA12,$SS12) -> 0 | UT12: =MAX($J12,$AB12,$AT12,$BL12,$CD12,$CV12,$DN12,$EF12,$EX12,$FP12,$GH12,$GZ12,$HR12,$IJ12,$JB12,$JT12,$KL12,$LD12,$LV12,$MN12,$NF12,$NX12,$OP12,$PH12,$PZ12,$QR12,$RJ12,$SB12,$ST12) -> 0 | UU12: =MAX($K12,$AC12,$AU12,$BM12,$CE12,$CW12,$DO12,$EG12,$EY12,$FQ12,$GI12,$HA12,$HS12,$IK12,$JC12,$JU12,$KM12,$LE12,$LW12,$MO12,$NG12,$NY12,$OQ12,$PI12,$QA12,$QS12,$RK12,$SC12,$SU12) -> 0 | UV12: =MAX($L12,$AD12,$AV12,$BN12,$CF12,$CX12,$DP12,$EH12,$EZ12,$FR12,$GJ12,$HB12,$HT12,$IL12,$JD12,$JV12,$KN12,$LF12,$LX12,$MP12,$NH12,$NZ12,$OR12,$PJ12,$QB12,$QT12,$RL12,$SD12,$SV12) -> 0 | UW12: =MAX($M12,$AE12,$AW12,$BO12,$CG12,$CY12,$DQ12,$EI12,$FA12,$FS12,$GK12,$HC12,$HU12,$IM12,$JE12,$JW12,$KO12,$LG12,$LY12,$MQ12,$NI12,$OA12,$OS12,$PK12,$QC12,$QU12,$RM12,$SE12,$SW12) -> 0 | UX12: =MAX($N12,$AF12,$AX12,$BP12,$CH12,$CZ12,$DR12,$EJ12,$FB12,$FT12,$GL12,$HD12,$HV12,$IN12,$JF12,$JX12,$KP12,$LH12,$LZ12,$MR12,$NJ12,$OB12,$OT12,$PL12,$QD12,$QV12,$RN12,$SF12,$SX12) -> 0 | UY12: =MAX($O12,$AG12,$AY12,$BQ12,$CI12,$DA12,$DS12,$EK12,$FC12,$FU12,$GM12,$HE12,$HW12,$IO12,$JG12,$JY12,$KQ12,$LI12,$MA12,$MS12,$NK12,$OC12,$OU12,$PM12,$QE12,$QW12,$RO12,$SG12,$SY12) -> 0 | UZ12: =MAX($Q12,$AI12,$BA12,$BS12,$CK12,$DC12,$DU12,$EM12,$FE12,$FW12,$GO12,$HG12,$HY12,$IQ12,$JI12,$KA12,$KS12,$LK12,$MC12,$MU12,$NM12,$OE12,$OW12,$PO12,$QG12,$QY12,$RQ12,$SI12,$TA12) -> 0 | VA12: =MAX($R12,$AJ12,$BB12,$BT12,$CL12,$DD12,$DV12,$EN12,$FF12,$FX12,$GP12,$HH12,$HZ12,$IR12,$JJ12,$KB12,$KT12,$LL12,$MD12,$MV12,$NN12,$OF12,$OX12,$PP12,$QH12,$QZ12,$RR12,$SJ12,$TB12) -> 0 | VB12: =MAX($S12,$AK12,$BC12,$BU12,$CM12,$DE12,$DW12,$EO12,$FG12,$FY12,$GQ12,$HI12,$IA12,$IS12,$JK12,$KC12,$KU12,$LM12,$ME12,$MW12,$NO12,$OG12,$OY12,$PQ12,$QI12,$RA12,$RS12,$SK12,$TC12) -> 0
A13: ./bsp-0110 | G13: 0 | I13: 248 | J13: 0 | L13: 1.48 | P13: SATISFIABLE | Q13: 1.48 | R13: 0 | AQ13: 0 | AS13: 2674 | AT13: 0 | AV13: 1200 | BA13: 600 | BB13: 1 | BD13: 67486 | BE13: 1181798 | BF13: 599.992 | BG13: 922391 | BH13: 37314858 | BI13: 0 | BJ13: 113.172 | BK13: 4773 | BL13: 0 | BM13: 0 | BN13: 1200 | BO13: 2557 | BP13: 38676380 | BQ13: 486.82 | BR13: UNKNOWN | BS13: 600 | BT13: 1 | BU13: 24642 | BV13: 18649 | BW13: 68 | BX13: 2.841 | BY13: 1 | BZ13: 12870 | CA13: 0 | CB13: 2.791 | CC13: 253 | CD13: 0 | CE13: 1 | CF13: 2.88 | CG13: 0 | CH13: 1362078 | CI13: 0.05 | CJ13: SATISFIABLE | CK13: 2.88 | CL13: 0 | CM13: 12429 | CN13: 85798 | CO13: 139689 | CP13: 171.523 | CQ13: 95842 | CR13: 37315086 | CS13: 0 | CT13: 115.313 | CU13: 4712 | CV13: 0 | CW13: 1 | CX13: 171.73 | CY13: 425 | CZ13: 38694910 | DA13: 56.21 | DB13: SATISFIABLE | DC13: 171.73 | DD13: 0 | DE13: 24646 | DF13: 36961 | DG13: 62 | DH13: 2.624 | DI13: 0 | DJ13: 49708 | DK13: 0 | DL13: 2.584 | DM13: 166 | DN13: 0 | DO13: 1 | DP13: 2.66 | DQ13: 0 | DR13: 1380498 | DS13: 0.04 | DT13: SATISFIABLE | DU13: 2.66 | DV13: 0 | DW13: 24637 | DX13: 85798 | DY13: 111869 | DZ13: 223.718 | EA13: 77392 | EB13: 41345046 | EC13: 0 | ED13: 116.028 | EE13: 5295 | EF13: 0 | EG13: 1 | EH13: 224.07 | EI13: 334 | EJ13: 38694910 | EK13: 107.69 | EL13: SATISFIABLE | EM13: 224.07 | EN13: 0 | EO13: 1367966 | EP13: 36961 | EQ13: 55 | ER13: 4.795 | ES13: 1 | ET13: 4079008 | EU13: 0 | EV13: 4.685 | EW13: 753 | EX13: 0 | EY13: 1 | EZ13: 4.9 | FA13: 0 | FB13: 1380498 | FC13: 0.11 | FD13: SATISFIABLE | FE13: 4.9 | FF13: 0 | FG13: 1367737 | FH13: 49170 | FI13: 95603 | FJ13: 155.234 | FK13: 66276 | FL13: 37314416 | FM13: 0 | FN13: 116.154 | FO13: 4657 | FP13: 0 | FQ13: 1 | FR13: 155.45 | FS13: 284 | FT13: 37314526 | FU13: 39.08 | FV13: SATISFIABLE | FW13: 155.45 | FX13: 0 | FY13: 24530 | FZ13: 333 | GA13: 34 | GB13: 0.016 | GC13: 0 | GD13: 2 | GE13: 0 | GF13: 0.016 | GG13: 7 | GH13: 0 | GI13: 1 | GJ13: 0.12 | GK13: 0 | GL13: 334 | GM13: 0 | GN13: SATISFIABLE | GO13: 0.12 | GP13: 0 | GQ13: 111 | GR13: 49172 | GS13: 110 | GT13: 110.18 | GU13: 0 | GV13: 37314416 | GW13: 0 | GX13: 110.15 | GY13: 4656 | GZ13: 0 | HA13: 1 | HB13: 110.38 | HC13: 0 | HD13: 37314528 | HE13: 0.03 | HF13: SATISFIABLE | HG13: 110.38 | HH13: 0 | HI13: 24530 | HJ13: 1429120 | HK13: 3477 | HL13: 599.99 | HM13: 1934 | HN13: 41344826 | HO13: 0 | HP13: 123.19 | HQ13: 6238 | HR13: 0 | HS13: 0 | HT13: 1200 | HU13: 14 | HV13: 38694912 | HW13: 476.8 | HX13: UNKNOWN | HY13: 600 | HZ13: 1 | IA13: 1367856 | IB13: 335 | IC13: 108 | ID13: 0.01 | IE13: 0 | IF13: 2 | IG13: 0 | IH13: 0.01 | II13: 0 | IJ13: 0 | IK13: 1 | IL13: 0.04 | IM13: 0 | IN13: 336 | IO13: 0 | IP13: SATISFIABLE | IQ13: 0.04 | IR13: 0 | IS13: 111 | IT13: 49172 | IU13: 95603 | IV13: 149.717 | IW13: 66276 | IX13: 37314416 | IY13: 0 | IZ13: 108.307 | JA13: 4658 | JB13: 0 | JC13: 1 | JD13: 149.92 | JE13: 284 | JF13: 37314528 | JG13: 41.41 | JH13: SATISFIABLE | JI13: 149.92 | JJ13: 0 | JK13: 24530 | JL13: 335 | JM13: 34 | JN13: 0.004 | JO13: 0 | JP13: 2 | JQ13: 0 | JR13: 0.004 | JS13: 0 | JT13: 0 | JU13: 1 | JV13: 0.04 | JW13: 0 | JX13: 336 | JY13: 0 | JZ13: SATISFIABLE | KA13: 0.04 | KB13: 0 | KC13: 111 | KD13: 67486 | KE13: 1145874 | KF13: 599.904 | KG13: 887259 | KH13: 37314858 | KI13: 0 | KJ13: 113.534 | KK13: 4774 | KL13: 0 | KM13: 0 | KN13: 1200 | KO13: 2549 | KP13: 38676380 | KQ13: 486.37 | KR13: UNKNOWN | KS13: 600 | KT13: 1 | KU13: 24642 | KV13: 18649 | KW13: 68 | KX13: 2.835 | KY13: 1 | KZ13: 12870 | LA13: 0 | LB13: 2.785 | LC13: 254 | LD13: 0 | LE13: 1 | LF13: 2.88 | LG13: 0 | LH13: 1362078 | LI13: 0.05 | LJ13: SATISFIABLE | LK13: 2.88 | LL13: 0 | LM13: 12429 | LN13: 85798 | LO13: 139689 | LP13: 171.593 | LQ13: 95842 | LR13: 37315086 | LS13: 0 | LT13: 114.683 | LU13: 4713 | LV13: 0 | LW13: 1 | LX13: 171.81 | LY13: 425 | LZ13: 38694910 | MA13: 56.91 | MB13: SATISFIABLE | MC13: 171.81 | MD13: 0 | ME13: 24646 | MF13: 36961 | MG13: 62 | MH13: 2.597 | MI13: 0 | MJ13: 49708 | MK13: 0 | ML13: 2.557 | MM13: 199 | MN13: 0 | MO13: 1 | MP13: 2.63 | MQ13: 0 | MR13: 1380498 | MS13: 0.04 | MT13: SATISFIABLE | MU13: 2.63 | MV13: 0 | MW13: 24637 | MX13: 85798 | MY13: 111869 | MZ13: 229.984 | NA13: 77392 | NB13: 41345046 | NC13: 0 | ND13: 119.784 | NE13: 5297 | NF13: 0 | NG13: 1 | NH13: 230.27 | NI13: 334 | NJ13: 38694910 | NK13: 110.2 | NL13: SATISFIABLE | NM13: 230.27 | NN13: 0 | NO13: 1367966 | NP13: 36961 | NQ13: 55 | NR13: 4.762 | NS13: 1 | NT13: 4079008 | NU13: 0 | NV13: 4.652 | NW13: 632 | NX13: 0 | NY13: 1 | NZ13: 4.97 | OA13: 0 | OB13: 1380498 | OC13: 0.11 | OD13: SATISFIABLE | OE13: 4.97 | OF13: 0 | OG13: 1367737 | OH13: 49170 | OI13: 95603 | OJ13: 147.485 | OK13: 66276 | OL13: 37314416 | OM13: 0 | ON13: 108.805 | OO13: 4658 | OP13: 0 | OQ13: 1 | OR13: 147.7 | OS13: 284 | OT13: 37314526 | OU13: 38.68 | OV13: SATISFIABLE | OW13: 147.7 | OX13: 0 | OY13: 24530 | OZ13: 333 | PA13: 34 | PB13: 0.004 | PC13: 0 | PD13: 2 | PE13: 0 | PF13: 0.004 | PG13: 0 | PH13: 0 | PI13: 1 | PJ13: 0.04 | PK13: 0 | PL13: 334 | PM13: 0 | PN13: SATISFIABLE | PO13: 0.04 | PP13: 0 | PQ13: 111 | PR13: 49173 | PS13: 110 | PT13: 118.142 | PU13: 0 | PV13: 37314416 | PW13: 0 | PX13: 118.062 | PY13: 4661 | PZ13: 0 | QA13: 1 | QB13: 118.35 | QC13: 0 | QD13: 37314529 | QE13: 0.08 | QF13: SATISFIABLE | QG13: 118.35 | QH13: 0 | QI13: 24530 | QJ13: 1429121 | QK13: 23787 | QL13: 599.983 | QM13: 14837 | QN13: 41344826 | QO13: 0 | QP13: 162.263 | QQ13: 5880 | QR13: 0 | QS13: 0 | QT13: 1200 | QU13: 86 | QV13: 38694913 | QW13: 437.72 | QX13: UNKNOWN | QY13: 600 | QZ13: 1 | RA13: 1367856 | RB13: 336 | RC13: 108 | RD13: 0.065 | RE13: 0 | RF13: 2 | RG13: 0 | RH13: 0.025 | RI13: 0 | RJ13: 0 | RK13: 1 | RL13: 0.09 | RM13: 0 | RN13: 337 | RO13: 0.04 | RP13: SATISFIABLE | RQ13: 0.09 | RR13: 0 | RS13: 111 | RT13: 49173 | RU13: 95603 | RV13: 163.039 | RW13: 66276 | RX13: 37314416 | RY13: 0 | RZ13: 119.209 | SA13: 4662 | SB13: 0 | SC13: 1 | SD13: 163.28 | SE13: 284 | SF13: 37314529 | SG13: 43.83 | SH13: SATISFIABLE | SI13: 163.28 | SJ13: 0 | SK13: 24530 | SL13: 336 | SM13: 34 | SN13: 0.025 | SO13: 0 | SP13: 2 | SQ13: 0 | SR13: 0.025 | SS13: 0 | ST13: 0 | SU13: 1 | SV13: 0.05 | SW13: 0 | SX13: 337 | SY13: 0 | SZ13: SATISFIABLE | TA13: 0.05 | TB13: 0 | TC13: 111 | TD13: =MIN($B13,$T13,$AL13,$BD13,$BV13,$CN13,$DF13,$DX13,$EP13,$FH13,$FZ13,$GR13,$HJ13,$IB13,$IT13,$JL13,$KD13,$KV13,$LN13,$MF13,$MX13,$NP13,$OH13,$OZ13,$PR13,$QJ13,$RB13,$RT13,$SL13) -> 0 | TE13: =MIN($C13,$U13,$AM13,$BE13,$BW13,$CO13,$DG13,$DY13,$EQ13,$FI13,$GA13,$GS13,$HK13,$IC13,$IU13,$JM13,$KE13,$KW13,$LO13,$MG13,$MY13,$NQ13,$OI13,$PA13,$PS13,$QK13,$RC13,$RU13,$SM13) -> 0 | TF13: =MIN($D13,$V13,$AN13,$BF13,$BX13,$CP13,$DH13,$DZ13,$ER13,$FJ13,$GB13,$GT13,$HL13,$ID13,$IV13,$JN13,$KF13,$KX13,$LP13,$MH13,$MZ13,$NR13,$OJ13,$PB13,$PT13,$QL13,$RD13,$RV13,$SN13) -> 0 | TG13: =MIN($E13,$W13,$AO13,$BG13,$BY13,$CQ13,$DI13,$EA13,$ES13,$FK13,$GC13,$GU13,$HM13,$IE13,$IW13,$JO13,$KG13,$KY13,$LQ13,$MI13,$NA13,$NS13,$OK13,$PC13,$PU13,$QM13,$RE13,$RW13,$SO13) -> 0 | TH13: =MIN($F13,$X13,$AP13,$BH13,$BZ13,$CR13,$DJ13,$EB13,$ET13,$FL13,$GD13,$GV13,$HN13,$IF13,$IX13,$JP13,$KH13,$KZ13,$LR13,$MJ13,$NB13,$NT13,$OL13,$PD13,$PV13,$QN13,$RF13,$RX13,$SP13) -> 0 | TI13: =MIN($G13,$Y13,$AQ13,$BI13,$CA13,$CS13,$DK13,$EC13,$EU13,$FM13,$GE13,$GW13,$HO13,$IG13,$IY13,$JQ13,$KI13,$LA13,$LS13,$MK13,$NC13,$NU13,$OM13,$PE13,$PW13,$QO13,$RG13,$RY13,$SQ13) -> 0 | TJ13: =MIN($H13,$Z13,$AR13,$BJ13,$CB13,$CT13,$DL13,$ED13,$EV13,$FN13,$GF13,$GX13,$HP13,$IH13,$IZ13,$JR13,$KJ13,$LB13,$LT13,$ML13,$ND13,$NV13,$ON13,$PF13,$PX13,$QP13,$RH13,$RZ13,$SR13) -> 0 | TK13: =MIN($I13,$AA13,$AS13,$BK13,$CC13,$CU13,$DM13,$EE13,$EW13,$FO13,$GG13,$GY13,$HQ13,$II13,$JA13,$JS13,$KK13,$LC13,$LU13,$MM13,$NE13,$NW13,$OO13,$PG13,$PY13,$QQ13,$RI13,$SA13,$SS13) -> 0 | TL13: =MIN($J13,$AB13,$AT13,$BL13,$CD13,$CV13,$DN13,$EF13,$EX13,$FP13,$GH13,$GZ13,$HR13,$IJ13,$JB13,$JT13,$KL13,$LD13,$LV13,$MN13,$NF13,$NX13,$OP13,$PH13,$PZ13,$QR13,$RJ13,$SB13,$ST13) -> 0 | TM13: =MIN($K13,$AC13,$AU13,$BM13,$CE13,$CW13,$DO13,$EG13,$EY13,$FQ13,$GI13,$HA13,$HS13,$IK13,$JC13,$JU13,$KM13,$LE13,$LW13,$MO13,$NG13,$NY13,$OQ13,$PI13,$QA13,$QS13,$RK13,$SC13,$SU13) -> 0 | TN13: =MIN($L13,$AD13,$AV13,$BN13,$CF13,$CX13,$DP13,$EH13,$EZ13,$FR13,$GJ13,$HB13,$HT13,$IL13,$JD13,$JV13,$KN13,$LF13,$LX13,$MP13,$NH13,$NZ13,$OR13,$PJ13,$QB13,$QT13,$RL13,$SD13,$SV13) -> 0 | TO13: =MIN($M13,$AE13,$AW13,$BO13,$CG13,$CY13,$DQ13,$EI13,$FA13,$FS13,$GK13,$HC13,$HU13,$IM13,$JE13,$JW13,$KO13,$LG13,$LY13,$MQ13,$NI13,$OA13,$OS13,$PK13,$QC13,$QU13,$RM13,$SE13,$SW13) -> 0 | TP13: =MIN($N13,$AF13,$AX13,$BP13,$CH13,$CZ13,$DR13,$EJ13,$FB13,$FT13,$GL13,$HD13,$HV13,$IN13,$JF13,$JX13,$KP13,$LH13,$LZ13,$MR13,$NJ13,$OB13,$OT13,$PL13,$QD13,$QV13,$RN13,$SF13,$SX13) -> 0 | TQ13: =MIN($O13,$AG13,$AY13,$BQ13,$CI13,$DA13,$DS13,$EK13,$FC13,$FU13,$GM13,$HE13,$HW13,$IO13,$JG13,$JY13,$KQ13,$LI13,$MA13,$MS13,$NK13,$OC13,$OU13,$PM13,$QE13,$QW13,$RO13,$SG13,$SY13) -> 0 | TR13: =MIN($Q13,$AI13,$BA13,$BS13,$CK13,$DC13,$DU13,$EM13,$FE13,$FW13,$GO13,$HG13,$HY13,$IQ13,$JI13,$KA13,$KS13,$LK13,$MC13,$MU13,$NM13,$OE13,$OW13,$PO13,$QG13,$QY13,$RQ13,$SI13,$TA13) -> 0 | TS13: =MIN($R13,$AJ13,$BB13,$BT13,$CL13,$DD13,$DV13,$EN13,$FF13,$FX13,$GP13,$HH13,$HZ13,$IR13,$JJ13,$KB13,$KT13,$LL13,$MD13,$MV13,$NN13,$OF13,$OX13,$PP13,$QH13,$QZ13,$RR13,$SJ13,$TB13) -> 0 | TT13: =MIN($S13,$AK13,$BC13,$BU13,$CM13,$DE13,$DW13,$EO13,$FG13,$FY13,$GQ13,$HI13,$IA13,$IS13,$JK13,$KC13,$KU13,$LM13,$ME13,$MW13,$NO13,$OG13,$OY13,$PQ13,$QI13,$RA13,$RS13,$SK13,$TC13) -> 0 | TU13: =MEDIAN($B13,$T13,$AL13,$BD13,$BV13,$CN13,$DF13,$DX13,$EP13,$FH13,$FZ13,$GR13,$HJ13,$IB13,$IT13,$JL13,$KD13,$KV13,$LN13,$MF13,$MX13,$NP13,$OH13,$OZ13,$PR13,$QJ13,$RB13,$RT13,$SL13) -> 0 | TV13: =MEDIAN($C13,$U13,$AM13,$BE13,$BW13,$CO13,$DG13,$DY13,$EQ13,$FI13,$GA13,$GS13,$HK13,$IC13,$IU13,$JM13,$KE13,$KW13,$LO13,$MG13,$MY13,$NQ13,$OI13,$PA13,$PS13,$QK13,$RC13,$RU13,$SM13) -> 0 | TW13: =MEDIAN($D13,$V13,$AN13,$BF13,$BX13,$CP13,$DH13,$DZ13,$ER13,$FJ13,$GB13,$GT13,$HL13,$ID13,$IV13,$JN13,$KF13,$KX13,$LP13,$MH13,$MZ13,$NR13,$OJ13,$PB13,$PT13,$QL13,$RD13,$RV13,$SN13) -> 0 | TX13: =MEDIAN($E13,$W13,$AO13,$BG13,$BY13,$CQ13,$DI13,$EA13,$ES13,$FK13,$GC13,$GU13,$HM13,$IE13,$IW13,$JO13,$KG13,$KY13,$LQ13,$MI13,$NA13,$NS13,$OK13,$PC13,$PU13,$QM13,$RE13,$RW13,$SO13) -> 0 | TY13: =MEDIAN($F13,$X13,$AP13,$BH13,$BZ13,$CR13,$DJ13,$EB13,$ET13,$FL13,$GD13,$GV13,$HN13,$IF13,$IX13,$JP13,$KH13,$KZ13,$LR13,$MJ13,$NB13,$NT13,$OL13,$PD13,$PV13,$QN13,$RF13,$RX13,$SP13) -> 0 | TZ13: =MEDIAN($G13,$Y13,$AQ13,$BI13,$CA13,$CS13,$DK13,$EC13,$EU13,$FM13,$GE13,$GW13,$HO13,$IG13,$IY13,$JQ13,$KI13,$LA13,$LS13,$MK13,$NC13,$NU13,$OM13,$PE13,$PW13,$QO13,$RG13,$RY13,$SQ13) -> 0 | UA13: =MEDIAN($H13,$Z13,$AR13,$BJ13,$CB13,$CT13,$DL13,$ED13,$EV13,$FN13,$GF13,$GX13,$HP13,$IH13,$IZ13,$JR13,$KJ13,$LB13,$LT13,$ML13,$ND13,$NV13,$ON13,$PF13,$PX13,$QP13,$RH13,$RZ13,$SR13) -> 0 | UB13: =MEDIAN($I13,$AA13,$AS13,$BK13,$CC13,$CU13,$DM13,$EE13,$EW13,$FO13,$GG13,$GY13,$HQ13,$II13,$JA13,$JS13,$KK13,$LC13,$LU13,$MM13,$NE13,$NW13,$OO13,$PG13,$PY13,$QQ13,$RI13,$SA13,$SS13) -> 0 | UC13: =MEDIAN($J13,$AB13,$AT13,$BL13,$CD13,$CV13,$DN13,$EF13,$EX13,$FP13,$GH13,$GZ13,$HR13,$IJ13,$JB13,$JT13,$KL13,$LD13,$LV13,$MN13,$NF13,$NX13,$OP13,$PH13,$PZ13,$QR13,$RJ13,$SB13,$ST13) -> 0 | UD13: =MEDIAN($K13,$AC13,$AU13,$BM13,$CE13,$CW13,$DO13,$EG13,$EY13,$FQ13,$GI13,$HA13,$HS13,$IK13,$JC13,$JU13,$KM13,$LE13,$LW13,$MO13,$NG13,$NY13,$OQ13,$PI13,$QA13,$QS13,$RK13,$SC13,$SU13) -> 0 | UE13: =MEDIAN($L13,$AD13,$AV13,$BN13,$CF13,$CX13,$DP13,$EH13,$EZ13,$FR13,$GJ13,$HB13,$HT13,$IL13,$JD13,$JV13,$KN13,$LF13,$LX13,$MP13,$NH13,$NZ13,$OR13,$PJ13,$QB13,$QT13,$RL13,$SD13,$SV13) -> 0 | UF13: =MEDIAN($M13,$AE13,$AW13,$BO13,$CG13,$CY13,$DQ13,$EI13,$FA13,$FS13,$GK13,$HC13,$HU13,$IM13,$JE13,$JW13,$KO13,$LG13,$LY13,$MQ13,$NI13,$OA13,$OS13,$PK13,$QC13,$QU13,$RM13,$SE13,$SW13) -> 0 | UG13: =MEDIAN($N13,$AF13,$AX13,$BP13,$CH13,$CZ13,$DR13,$EJ13,$FB13,$FT13,$GL13,$HD13,$HV13,$IN13,$JF13,$JX13,$KP13,$LH13,$LZ13,$MR13,$NJ13,$OB13,$OT13,$PL13,$QD13,$QV13,$RN13,$SF13,$SX13) -> 0 | UH13: =MEDIAN($O13,$AG13,$AY13,$BQ13,$CI13,$DA13,$DS13,$EK13,$FC13,$FU13,$GM13,$HE13,$HW13,$IO13,$JG13,$JY13,$KQ13,$LI13,$MA13,$MS13,$NK13,$OC13,$OU13,$PM13,$QE13,$QW13,$RO13,$SG13,$SY13) -> 0 | UI13: =MEDIAN($Q13,$AI13,$BA13,$BS13,$CK13,$DC13,$DU13,$EM13,$FE13,$FW13,$GO13,$HG13,$HY13,$IQ13,$JI13,$KA13,$KS13,$LK13,$MC13,$MU13,$NM13,$OE13,$OW13,$PO13,$QG13,$QY13,$RQ13,$SI13,$TA13) -> 0 | UJ13: =MEDIAN($R13,$AJ13,$BB13,$BT13,$CL13,$DD13,$DV13,$EN13,$FF13,$FX13,$GP13,$HH13,$HZ13,$IR13,$JJ13,$KB13,$KT13,$LL13,$MD13,$MV13,$NN13,$OF13,$OX13,$PP13,$QH13,$QZ13,$RR13,$SJ13,$TB13) -> 0 | UK13: =MEDIAN($S13,$AK13,$BC13,$BU13,$CM13,$DE13,$DW13,$EO13,$FG13,$FY13,$GQ13,$HI13,$IA13,$IS13,$JK13,$KC13,$KU13,$LM13,$ME13,$MW13,$NO13,$OG13,$OY13,$PQ13,$QI13,$RA13,$RS13,$SK13,$TC13) -> 0 | UL13: =MAX($B13,$T13,$AL13,$BD13,$BV13,$CN13,$DF13,$DX13,$EP13,$FH13,$FZ13,$GR13,$HJ13,$IB13,$IT13,$JL13,$KD13,$KV13,$LN13,$MF13,$MX13,$NP13,$OH13,$OZ13,$PR13,$QJ13,$RB13,$RT13,$SL13) -> 0 | UM13: =MAX($C13,$U13,$AM13,$BE13,$BW13,$CO13,$DG13,$DY13,$EQ13,$FI13,$GA13,$GS13,$HK13,$IC13,$IU13,$JM13,$KE13,$KW13,$LO13,$MG13,$MY13,$NQ13,$OI13,$PA13,$PS13,$QK13,$RC13,$RU13,$SM13) -> 0 | UN13: =MAX($D13,$V13,$AN13,$BF13,$BX13,$CP13,$DH13,$DZ13,$ER13,$FJ13,$GB13,$GT13,$HL13,$ID13,$IV13,$JN13,$KF13,$KX13,$LP13,$MH13,$MZ13,$NR13,$OJ13,$PB13,$PT13,$QL13,$RD13,$RV13,$SN13) -> 0 | UO13: =MAX($E13,$W13,$AO13,$BG13,$BY13,$CQ13,$DI13,$EA13,$ES13,$FK13,$GC13,$GU13,$HM13,$IE13,$IW13,$JO13,$KG13,$KY13,$LQ13,$MI13,$NA13,$NS13,$OK13,$PC13,$PU13,$QM13,$RE13,$RW13,$SO13) -> 0 | UP13: =MAX($F13,$X13,$AP13,$BH13,$BZ13,$CR13,$DJ13,$EB13,$ET13,$FL13,$GD13,$GV13,$HN13,$IF13,$IX13,$JP13,$KH13,$KZ13,$LR13,$MJ13,$NB13,$NT13,$OL13,$PD13,$PV13,$QN13,$RF13,$RX13,$SP13) -> 0 | UQ13: =MAX($G13,$Y13,$AQ13,$BI13,$CA13,$CS13,$DK13,$EC13,$EU13,$FM13,$GE13,$GW13,$HO13,$IG13,$IY13,$JQ13,$KI13,$LA13,$LS13,$MK13,$NC13,$NU13,$OM13,$PE13,$PW13,$QO13,$RG13,$RY13,$SQ13) -> 0 | UR13: =MAX($H13,$Z13,$AR13,$BJ13,$CB13,$CT13,$DL13,$ED13,$EV13,$FN13,$GF13,$GX13,$HP13,$IH13,$IZ13,$JR13,$KJ13,$LB13,$LT13,$ML13,$ND13,$NV13,$ON13,$PF13,$PX13,$QP13,$RH13,$RZ13,$SR13) -> 0 | US13: =MAX($I13,$AA13,$AS13,$BK13,$CC13,$CU13,$DM13,$EE13,$EW13,$FO13,$GG13,$GY13,$HQ13,$II13,$JA13,$JS13,$KK13,$LC13,$LU13,$MM13,$NE13,$NW13,$OO13,$PG13,$PY13,$QQ13,$RI13,$SA13,$SS13) -> 0 | UT13: =MAX($J13,$AB13,$AT13,$BL13,$CD13,$CV13,$DN13,$EF13,$EX13,$FP13,$GH13,$GZ13,$HR13,$IJ13,$JB13,$JT13,$KL13,$LD13,$LV13,$MN13,$NF13,$NX13,$OP13,$PH13,$PZ13,$QR13,$RJ13,$SB13,$ST13) -> 0 | UU13: =MAX($K13,$AC13,$AU13,$BM13,$CE13,$CW13,$DO13,$EG13,$EY13,$FQ13,$GI13,$HA13,$HS13,$IK13,$JC13,$JU13,$KM13,$LE13,$LW13,$MO13,$NG13,$NY13,$OQ13,$PI13,$QA13,$QS13,$RK13,$SC13,$SU13) -> 0 | UV13: =MAX($L13,$AD13,$AV13,$BN13,$CF13,$CX13,$DP13,$EH13,$EZ13,$FR13,$GJ13,$HB13,$HT13,$IL13,$JD13,$JV13,$KN13,$LF13,$LX13,$MP13,$NH13,$NZ13,$OR13,$PJ13,$QB13,$QT13,$RL13,$SD13,$SV13) -> 0 | UW13: =MAX($M13,$AE13,$AW13,$BO13,$CG13,$CY13,$DQ13,$EI13,$FA13,$FS13,$GK13,$HC13,$HU13,$IM13,$JE13,$JW13,$KO13,$LG13,$LY13,$MQ13,$NI13,$OA13,$OS13,$PK13,$QC13,$QU13,$RM13,$SE13,$SW13) -> 0 | UX13: =MAX($N13,$AF13,$AX13,$BP13,$CH13,$CZ13,$DR13,$EJ13,$FB13,$FT13,$GL13,$HD13,$HV13,$IN13,$JF13,$JX13,$KP13,$LH13,$LZ13,$MR13,$NJ13,$OB13,$OT13,$PL13,$QD13,$QV13,$RN13,$SF13,$SX13) -> 0 | UY13: =MAX($O13,$AG13,$AY13,$BQ13,$CI13,$DA13,$DS13,$EK13,$FC13,$FU13,$GM13,$HE13,$HW13,$IO13,$JG13,$JY13,$KQ13,$LI13,$MA13,$MS13,$NK13,$OC13,$OU13,$PM13,$QE13,$QW13,$RO13,$SG13,$SY13) -> 0 | UZ13: =MAX($Q13,$AI13,$BA13,$BS13,$CK13,$DC13,$DU13,$EM13,$FE13,$FW13,$GO13,$HG13,$HY13,$IQ13,$JI13,$KA13,$KS13,$LK13,$MC13,$MU13,$NM13,$OE13,$OW13,$PO13,$QG13,$QY13,$RQ13,$SI13,$TA13) -> 0 | VA13: =MAX($R13,$AJ13,$BB13,$BT13,$CL13,$DD13,$DV13,$EN13,$FF13,$FX13,$GP13,$HH13,$HZ13,$IR13,$JJ13,$KB13,$KT13,$LL13,$MD13,$MV13,$NN13,$OF13,$OX13,$PP13,$QH13,$QZ13,$RR13,$SJ13,$TB13) -> 0 | VB13: =MAX($S13,$AK13,$BC13,$BU13,$CM13,$DE13,$DW13,$EO13,$FG13,$FY13,$GQ13,$HI13,$IA13,$IS13,$JK13,$KC13,$KU13,$LM13,$ME13,$MW13,$NO13,$OG13,$OY13,$PQ13,$QI13,$RA13,$RS13,$SK13,$TC13) -> 0
A14: ./bsp-0120 | G14: 0 | I14: 243 | J14: 0 | L14: 1.63 | P14: SATISFIABLE | Q14: 1.63 | R14: 0 | AQ14: 0 | AS14: 3435 | AT14: 0 | AV14: 1200 | BA14: 600 | BB14: 1 | BD14: 80221 | BE14: 783034 | BF14: 599.989 | BG14: 571602 | BH14: 52759618 | BI14: 0 | BJ14: 161.629 | BK14: 6936 | BL14: 0 | BM14: 0 | BN14: 1200 | BO14: 1914 | BP14: 54523915 | BQ14: 438.36 | BR14: UNKNOWN | BS14: 600 | BT14: 1 | BU14: 29282 | BV14: 22144 | BW14: 74 | BX14: 4.16 | BY14: 3 | BZ14: 15240 | CA14: 0 | CB14: 4.08 | CC14: 290 | CD14: 0 | CE14: 1 | CF14: 4.2 | CG14: 0 | CH14: 1764903 | CI14: 0.08 | CJ14: SATISFIABLE | CK14: 4.2 | CL14: 0 | CM14: 14759 | CN14: 101998 | CO14: 121159 | CP14: 229.872 | CQ14: 80847 | CR14: 52759866 | CS14: 0 | CT14: 162.962 | CU14: 6834 | CV14: 0 | CW14: 1 | CX14: 230.15 | CY14: 356 | CZ14: 54545930 | DA14: 66.91 | DB14: SATISFIABLE | DC14: 230.15 | DD14: 0 | DE14: 29286 | DF14: 43921 | DG14: 74 | DH14: 3.696 | DI14: 1 | DJ14: 59027 | DK14: 0 | DL14: 3.626 | DM14: 227 | DN14: 0 | DO14: 1 | DP14: 3.73 | DQ14: 0 | DR14: 1786798 | DS14: 0.07 | DT14: SATISFIABLE | DU14: 3.73 | DV14: 0 | DW14: 29276 | DX14: 101998 | DY14: 231260 | DZ14: 472.588 | EA14: 160115 | EB14: 57987786 | EC14: 0 | ED14: 175.998 | EE14: 7594 | EF14: 0 | EG14: 1 | EH14: 473.04 | EI14: 629 | EJ14: 54545930 | EK14: 296.59 | EL14: SATISFIABLE | EM14: 473.04 | EN14: 0 | EO14: 1771926 | EP14: 43921 | EQ14: 65 | ER14: 6.98 | ES14: 4 | ET14: 5286107 | EU14: 0 | EV14: 6.83 | EW14: 958 | EX14: 0 | EY14: 1 | EZ14: 7.1 | FA14: 0 | FB14: 1786798 | FC14: 0.15 | FD14: SATISFIABLE | FE14: 7.1 | FF14: 0 | FG14: 1771676 | FH14: 58440 | FI14: 78565 | FJ14: 206.036 | FK14: 49993 | FL14: 52759136 | FM14: 0 | FN14: 161.286 | FO14: 6738 | FP14: 0 | FQ14: 1 | FR14: 206.31 | FS14: 252 | FT14: 52759256 | FU14: 44.75 | FV14: SATISFIABLE | FW14: 206.31 | FX14: 0 | FY14: 29160 | FZ14: 363 | GA14: 37 | GB14: 0.016 | GC14: 0 | GD14: 2 | GE14: 0 | GF14: 0.016 | GG14: 7 | GH14: 0 | GI14: 1 | GJ14: 0.12 | GK14: 0 | GL14: 364 | GM14: 0 | GN14: SATISFIABLE | GO14: 0.12 | GP14: 0 | GQ14: 121 | GR14: 58442 | GS14: 120 | GT14: 154.211 | GU14: 0 | GV14: 52759136 | GW14: 0 | GX14: 154.171 | GY14: 6743 | GZ14: 0 | HA14: 1 | HB14: 154.48 | HC14: 0 | HD14: 52759258 | HE14: 0.04 | HF14: SATISFIABLE | HG14: 154.48 | HH14: 0 | HI14: 29160 | HJ14: 1844640 | HK14: 2037 | HL14: 599.987 | HM14: 955 | HN14: 57987546 | HO14: 0 | HP14: 183.117 | HQ14: 8754 | HR14: 0 | HS14: 0 | HT14: 1200 | HU14: 9 | HV14: 54545932 | HW14: 416.87 | HX14: UNKNOWN | HY14: 600 | HZ14: 1 | IA14: 1771806 | IB14: 365 | IC14: 117 | ID14: 0.006 | IE14: 0 | IF14: 2 | IG14: 0 | IH14: 0.006 | II14: 0 | IJ14: 0 | IK14: 1 | IL14: 0.03 | IM14: 0 | IN14: 366 | IO14: 0 | IP14: SATISFIABLE | IQ14: 0.03 | IR14: 0 | IS14: 121 | IT14: 58442 | IU14: 78565 | IV14: 215.476 | IW14: 49993 | IX14: 52759136 | IY14: 0 | IZ14: 166.346 | JA14: 6744 | JB14: 0 | JC14: 1 | JD14: 215.75 | JE14: 252 | JF14: 52759258 | JG14: 49.13 | JH14: SATISFIABLE | JI14: 215.75 | JJ14: 0 | JK14: 29160 | JL14: 365 | JM14: 37 | JN14: 0.007 | JO14: 0 | JP14: 2 | JQ14: 0 | JR14: 0.007 | JS14: 0 | JT14: 0 | JU14: 1 | JV14: 0.05 | JW14: 0 | JX14: 366 | JY14: 0 | JZ14: SATISFIABLE | KA14: 0.05 | KB14: 0 | KC14: 121 | KD14: 80221 | KE14: 721771 | KF14: 599.893 | KG14: 527978 | KH14: 52759618 | KI14: 0 | KJ14: 168.643 | KK14: 6935 | KL14: 0 | KM14: 0 | KN14: 1200 | KO14: 1754 | KP14: 54523915 | KQ14: 431.25 | KR14: UNKNOWN | KS14: 600 | KT14: 1 | KU14: 29282 | KV14: 22144 | KW14: 74 | KX14: 4.071 | KY14: 3 | KZ14: 15240 | LA14: 0 | LB14: 3.991 | LC14: 296 | LD14: 0 | LE14: 1 | LF14: 4.11 | LG14: 0 | LH14: 1764903 | LI14: 0.08 | LJ14: SATISFIABLE | LK14: 4.11 | LL14: 0 | LM14: 14759 | LN14: 101998 | LO14: 121159 | LP14: 238.284 | LQ14: 80847 | LR14: 52759866 | LS14: 0 | LT14: 170.104 | LU14: 6834 | LV14: 0 | LW14: 1 | LX14: 238.58 | LY14: 356 | LZ14: 54545930 | MA14: 68.18 | MB14: SATISFIABLE | MC14: 238.58 | MD14: 0 | ME14: 29286 | MF14: 43921 | MG14: 74 | MH14: 3.767 | MI14: 1 | MJ14: 59027 | MK14: 0 | ML14: 3.687 | MM14: 243 | MN14: 0 | MO14: 1 | MP14: 3.81 | MQ14: 0 | MR14: 1786798 | MS14: 0.08 | MT14: SATISFIABLE | MU14: 3.81 | MV14: 0 | MW14: 29276 | MX14: 101998 | MY14: 231260 | MZ14: 480.039 | NA14: 160115 | NB14: 57987786 | NC14: 0 | ND14: 176.509 | NE14: 7595 | NF14: 0 | NG14: 1 | NH14: 480.41 | NI14: 629 | NJ14: 54545930 | NK14: 303.53 | NL14: SATISFIABLE | NM14: 480.41 | NN14: 0 | NO14: 1771926 | NP14: 43921 | NQ14: 65 | NR14: 6.86 | NS14: 4 | NT14: 5286107 | NU14: 0 | NV14: 6.71 | NW14: 974 | NX14: 0 | NY14: 1 | NZ14: 7.16 | OA14: 0 | OB14: 1786798 | OC14: 0.15 | OD14: SATISFIABLE | OE14: 7.16 | OF14: 0 | OG14: 1771676 | OH14: 58440 | OI14: 78565 | OJ14: 215.199 | OK14: 49993 | OL14: 52759136 | OM14: 0 | ON14: 168.789 | OO14: 6740 | OP14: 0 | OQ14: 1 | OR14: 215.49 | OS14: 252 | OT14: 52759256 | OU14: 46.41 | OV14: SATISFIABLE | OW14: 215.49 | OX14: 0 | OY14: 29160 | OZ14: 363 | PA14: 37 | PB14: 0.003 | PC14: 0 | PD14: 2 | PE14: 0 | PF14: 0.003 | PG14: 0 | PH14: 0 | PI14: 1 | PJ14: 0.04 | PK14: 0 | PL14: 364 | PM14: 0 | PN14: SATISFIABLE | PO14: 0.04 | PP14: 0 | PQ14: 121 | PR14: 58443 | PS14: 120 | PT14: 163.057 | PU14: 0 | PV14: 52759136 | PW14: 0 | PX14: 162.957 | PY14: 6743 | PZ14: 0 | QA14: 1 | QB14: 163.33 | QC14: 0 | QD14: 52759259 | QE14: 0.1 | QF14: SATISFIABLE | QG14: 163.33 | QH14: 0 | QI14: 29160 | QJ14: 1844641 | QK14: 15756 | QL14: 599.977 | QM14: 8836 | QN14: 57987546 | QO14: 0 | QP14: 220.087 | QQ14: 8355 | QR14: 0 | QS14: 0 | QT14: 1200 | QU14: 61 | QV14: 54545933 | QW14: 379.89 | QX14: UNKNOWN | QY14: 600 | QZ14: 1 | RA14: 1771806 | RB14: 366 | RC14: 117 | RD14: 0.076 | RE14: 0 | RF14: 2 | RG14: 0 | RH14: 0.026 | RI14: 0 | RJ14: 0 | RK14: 1 | RL14: 0.1 | RM14: 0 | RN14: 367 | RO14: 0.05 | RP14: SATISFIABLE | RQ14: 0.1 | RR14: 0 | RS14: 121 | RT14: 58443 | RU14: 78565 | RV14: 213.18 | RW14: 49993 | RX14: 52759136 | RY14: 0 | RZ14: 164.09 | SA14: 6742 | SB14: 0 | SC14: 1 | SD14: 213.48 | SE14: 252 | SF14: 52759259 | SG14: 49.09 | SH14: SATISFIABLE | SI14: 213.48 | SJ14: 0 | SK14: 29160 | SL14: 366 | SM14: 37 | SN14: 0.029 | SO14: 0 | SP14: 2 | SQ14: 0 | SR14: 0.029 | SS14: 0 | ST14: 0 | SU14: 1 | SV14: 0.06 | SW14: 0 | SX14: 367 | SY14: 0 | SZ14: SATISFIABLE | TA14: 0.06 | TB14: 0 | TC14: 121 | TD14: =MIN($B14,$T14,$AL14,$BD14,$BV14,$CN14,$DF14,$DX14,$EP14,$FH14,$FZ14,$GR14,$HJ14,$IB14,$IT14,$JL14,$KD14,$KV14,$LN14,$MF14,$MX14,$NP14,$OH14,$OZ14,$PR14,$QJ14,$RB14,$RT14,$SL14) -> 0 | TE14: =MIN($C14,$U14,$AM14,$BE14,$BW14,$CO14,$DG14,$DY14,$EQ14,$FI14,$GA14,$GS14,$HK14,$IC14,$IU14,$JM14,$KE14,$KW14,$LO14,$MG14,$MY14,$NQ14,$OI14,$PA14,$PS14,$QK14,$RC14,$RU14,$SM14) -> 0 | TF14: =MIN($D14,$V14,$AN14,$BF14,$BX14,$CP14,$DH14,$DZ14,$ER14,$FJ14,$GB14,$GT14,$HL14,$ID14,$IV14,$JN14,$KF14,$KX14,$LP14,$MH14,$MZ14,$NR14,$OJ14,$PB14,$PT14,$QL14,$RD14,$RV14,$SN14) -> 0 | TG14: =MIN($E14,$W14,$AO14,$BG14,$BY14,$CQ14,$DI14,$EA14,$ES14,$FK14,$GC14,$GU14,$HM14,$IE14,$IW14,$JO14,$KG14,$KY14,$LQ14,$MI14,$NA14,$NS14,$OK14,$PC14,$PU14,$QM14,$RE14,$RW14,$SO14) -> 0 | TH14: =MIN($F14,$X14,$AP14,$BH14,$BZ14,$CR14,$DJ14,$EB14,$ET14,$FL14,$GD14,$GV14,$HN14,$IF14,$IX14,$JP14,$KH14,$KZ14,$LR14,$MJ14,$NB14,$NT14,$OL14,$PD14,$PV14,$QN14,$RF14,$RX14,$SP14) -> 0 | TI14: =MIN($G14,$Y14,$AQ14,$BI14,$CA14,$CS14,$DK14,$EC14,$EU14,$FM14,$GE14,$GW14,$HO14,$IG14,$IY14,$JQ14,$KI14,$LA14,$LS14,$MK14,$NC14,$NU14,$OM14,$PE14,$PW14,$QO14,$RG14,$RY14,$SQ14) -> 0 | TJ14: =MIN($H14,$Z14,$AR14,$BJ14,$CB14,$CT14,$DL14,$ED14,$EV14,$FN14,$GF14,$GX14,$HP14,$IH14,$IZ14,$JR14,$KJ14,$LB14,$LT14,$ML14,$ND14,$NV14,$ON14,$PF14,$PX14,$QP14,$RH14,$RZ14,$SR14) -> 0 | TK14: =MIN($I14,$AA14,$AS14,$BK14,$CC14,$CU14,$DM14,$EE14,$EW14,$FO14,$GG14,$GY14,$HQ14,$II14,$JA14,$JS14,$KK14,$LC14,$LU14,$MM14,$NE14,$NW14,$OO14,$PG14,$PY14,$QQ14,$RI14,$SA14,$SS14) -> 0 | TL14: =MIN($J14,$AB14,$AT14,$BL14,$CD14,$CV14,$DN14,$EF14,$EX14,$FP14,$GH14,$GZ14,$HR14,$IJ14,$JB14,$JT14,$KL14,$LD14,$LV14,$MN14,$NF14,$NX14,$OP14,$PH14,$PZ14,$QR14,$RJ14,$SB14,$ST14) -> 0 | TM14: =MIN($K14,$AC14,$AU14,$BM14,$CE14,$CW14,$DO14,$EG14,$EY14,$FQ14,$GI14,$HA14,$HS14,$IK14,$JC14,$JU14,$KM14,$LE14,$LW14,$MO14,$NG14,$NY14,$OQ14,$PI14,$QA14,$QS14,$RK14,$SC14,$SU14) -> 0 | TN14: =MIN($L14,$AD14,$AV14,$BN14,$CF14,$CX14,$DP14,$EH14,$EZ14,$FR14,$GJ14,$HB14,$HT14,$IL14,$JD14,$JV14,$KN14,$LF14,$LX14,$MP14,$NH14,$NZ14,$OR14,$PJ14,$QB14,$QT14,$RL14,$SD14,$SV14) -> 0 | TO14: =MIN($M14,$AE14,$AW14,$BO14,$CG14,$CY14,$DQ14,$EI14,$FA14,$FS14,$GK14,$HC14,$HU14,$IM14,$JE14,$JW14,$KO14,$LG14,$LY14,$MQ14,$NI14,$OA14,$OS14,$PK14,$QC14,$QU14,$RM14,$SE14,$SW14) -> 0 | TP14: =MIN($N14,$AF14,$AX14,$BP14,$CH14,$CZ14,$DR14,$EJ14,$FB14,$FT14,$GL14,$HD14,$HV14,$IN14,$JF14,$JX14,$KP14,$LH14,$LZ14,$MR14,$NJ14,$OB14,$OT14,$PL14,$QD14,$QV14,$RN14,$SF14,$SX14) -> 0 | TQ14: =MIN($O14,$AG14,$AY14,$BQ14,$CI14,$DA14,$DS14,$EK14,$FC14,$FU14,$GM14,$HE14,$HW14,$IO14,$JG14,$JY14,$KQ14,$LI14,$MA14,$MS14,$NK14,$OC14,$OU14,$PM14,$QE14,$QW14,$RO14,$SG14,$SY14) -> 0 | TR14: =MIN($Q14,$AI14,$BA14,$BS14,$CK14,$DC14,$DU14,$EM14,$FE14,$FW14,$GO14,$HG14,$HY14,$IQ14,$JI14,$KA14,$KS14,$LK14,$MC14,$MU14,$NM14,$OE14,$OW14,$PO14,$QG14,$QY14,$RQ14,$SI14,$TA14) -> 0 | TS14: =MIN($R14,$AJ14,$BB14,$BT14,$CL14,$DD14,$DV14,$EN14,$FF14,$FX14,$GP14,$HH14,$HZ14,$IR14,$JJ14,$KB14,$KT14,$LL14,$MD14,$MV14,$NN14,$OF14,$OX14,$PP14,$QH14,$QZ14,$RR14,$SJ14,$TB14) -> 0 | TT14: =MIN($S14,$AK14,$BC14,$BU14,$CM14,$DE14,$DW14,$EO14,$FG14,$FY14,$GQ14,$HI14,$IA14,$IS14,$JK14,$KC14,$KU14,$LM14,$ME14,$MW14,$NO14,$OG14,$OY14,$PQ14,$QI14,$RA14,$RS14,$SK14,$TC14) -> 0 | TU14: =MEDIAN($B14,$T14,$AL14,$BD14,$BV14,$CN14,$DF14,$DX14,$EP14,$FH14,$FZ14,$GR14,$HJ14,$IB14,$IT14,$JL14,$KD14,$KV14,$LN14,$MF14,$MX14,$NP14,$OH14,$OZ14,$PR14,$QJ14,$RB14,$RT14,$SL14) -> 0 | TV14: =MEDIAN($C14,$U14,$AM14,$BE14,$BW14,$CO14,$DG14,$DY14,$EQ14,$FI14,$GA14,$GS14,$HK14,$IC14,$IU14,$JM14,$KE14,$KW14,$LO14,$MG14,$MY14,$NQ14,$OI14,$PA14,$PS14,$QK14,$RC14,$RU14,$SM14) -> 0 | TW14: =MEDIAN($D14,$V14,$AN14,$BF14,$BX14,$CP14,$DH14,$DZ14,$ER14,$FJ14,$GB14,$GT14,$HL14,$ID14,$IV14,$JN14,$KF14,$KX14,$LP14,$MH14,$MZ14,$NR14,$OJ14,$PB14,$PT14,$QL14,$RD14,$RV14,$SN14) -> 0 | TX14: =MEDIAN($E14,$W14,$AO14,$BG14,$BY14,$CQ14,$DI14,$EA14,$ES14,$FK14,$GC14,$GU14,$HM14,$IE14,$IW14,$JO14,$KG14,$KY14,$LQ14,$MI14,$NA14,$NS14,$OK14,$PC14,$PU14,$QM14,$RE14,$RW14,$SO14) -> 0 | TY14: =MEDIAN($F14,$X14,$AP14,$BH14,$BZ14,$CR14,$DJ14,$EB14,$ET14,$FL14,$GD14,$GV14,$HN14,$IF14,$IX14,$JP14,$KH14,$KZ14,$LR14,$MJ14,$NB14,$NT14,$OL14,$PD14,$PV14,$QN14,$RF14,$RX14,$SP14) -> 0 | TZ14: =MEDIAN($G14,$Y14,$AQ14,$BI14,$CA14,$CS14,$DK14,$EC14,$EU14,$FM14,$GE14,$GW14,$HO14,$IG14,$IY14,$JQ14,$KI14,$LA14,$LS14,$MK14,$NC14,$NU14,$OM14,$PE14,$PW14,$QO14,$RG14,$RY14,$SQ14) -> 0 | UA14: =MEDIAN($H14,$Z14,$AR14,$BJ14,$CB14,$CT14,$DL14,$ED14,$EV14,$FN14,$GF14,$GX14,$HP14,$IH14,$IZ14,$JR14,$KJ14,$LB14,$LT14,$ML14,$ND14,$NV14,$ON14,$PF14,$PX14,$QP14,$RH14,$RZ14,$SR14) -> 0 | UB14: =MEDIAN($I14,$AA14,$AS14,$BK14,$CC14,$CU14,$DM14,$EE14,$EW14,$FO14,$GG14,$GY14,$HQ14,$II14,$JA14,$JS14,$KK14,$LC14,$LU14,$MM14,$NE14,$NW14,$OO14,$PG14,$PY14,$QQ14,$RI14,$SA14,$SS14) -> 0 | UC14: =MEDIAN($J14,$AB14,$AT14,$BL14,$CD14,$CV14,$DN14,$EF14,$EX14,$FP14,$GH14,$GZ14,$HR14,$IJ14,$JB14,$JT14,$KL14,$LD14,$LV14,$MN14,$NF14,$NX14,$OP14,$PH14,$PZ14,$QR14,$RJ14,$SB14,$ST14) -> 0 | UD14: =MEDIAN($K14,$AC14,$AU14,$BM14,$CE14,$CW14,$DO14,$EG14,$EY14,$FQ14,$GI14,$HA14,$HS14,$IK14,$JC14,$JU14,$KM14,$LE14,$LW14,$MO14,$NG14,$NY14,$OQ14,$PI14,$QA14,$QS14,$RK14,$SC14,$SU14) -> 0 | UE14: =MEDIAN($L14,$AD14,$AV14,$BN14,$CF14,$CX14,$DP14,$EH14,$EZ14,$FR14,$GJ14,$HB14,$HT14,$IL14,$JD14,$JV14,$KN14,$LF14,$LX14,$MP14,$NH14,$NZ14,$OR14,$PJ14,$QB14,$QT14,$RL14,$SD14,$SV14) -> 0 | UF14: =MEDIAN($M14,$AE14,$AW14,$BO14,$CG14,$CY14,$DQ14,$EI14,$FA14,$FS14,$GK14,$HC14,$HU14,$IM14,$JE14,$JW14,$KO14,$LG14,$LY14,$MQ14,$NI14,$OA14,$OS14,$PK14,$QC14,$QU14,$RM14,$SE14,$SW14) -> 0 | UG14: =MEDIAN($N14,$AF14,$AX14,$BP14,$CH14,$CZ14,$DR14,$EJ14,$FB14,$FT14,$GL14,$HD14,$HV14,$IN14,$JF14,$JX14,$KP14,$LH14,$LZ14,$MR14,$NJ14,$OB14,$OT14,$PL14,$QD14,$QV14,$RN14,$SF14,$SX14) -> 0 | UH14: =MEDIAN($O14,$AG14,$AY14,$BQ14,$CI14,$DA14,$DS14,$EK14,$FC14,$FU14,$GM14,$HE14,$HW14,$IO14,$JG14,$JY14,$KQ14,$LI14,$MA14,$MS14,$NK14,$OC14,$OU14,$PM14,$QE14,$QW14,$RO14,$SG14,$SY14) -> 0 | UI14: =MEDIAN($Q14,$AI14,$BA14,$BS14,$CK14,$DC14,$DU14,$EM14,$FE14,$FW14,$GO14,$HG14,$HY14,$IQ14,$JI14,$KA14,$KS14,$LK14,$MC14,$MU14,$NM14,$OE14,$OW14,$PO14,$QG14,$QY14,$RQ14,$SI14,$TA14) -> 0 | UJ14: =MEDIAN($R14,$AJ14,$BB14,$BT14,$CL14,$DD14,$DV14,$EN14,$FF14,$FX14,$GP14,$HH14,$HZ14,$IR14,$JJ14,$KB14,$KT14,$LL14,$MD14,$MV14,$NN14,$OF14,$OX14,$PP14,$QH14,$QZ14,$RR14,$SJ14,$TB14) -> 0 | UK14: =MEDIAN($S14,$AK14,$BC14,$BU14,$CM14,$DE14,$DW14,$EO14,$FG14,$FY14,$GQ14,$HI14,$IA14,$IS14,$JK14,$KC14,$KU14,$LM14,$ME14,$MW14,$NO14,$OG14,$OY14,$PQ14,$QI14,$RA14,$RS14,$SK14,$TC14) -> 0 | UL14: =MAX($B14,$T14,$AL14,$BD14,$BV14,$CN14,$DF14,$DX14,$EP14,$FH14,$FZ14,$GR14,$HJ14,$IB14,$IT14,$JL14,$KD14,$KV14,$LN14,$MF14,$MX14,$NP14,$OH14,$OZ14,$PR14,$QJ14,$RB14,$RT14,$SL14) -> 0 | UM14: =MAX($C14,$U14,$AM14,$BE14,$BW14,$CO14,$DG14,$DY14,$EQ14,$FI14,$GA14,$GS14,$HK14,$IC14,$IU14,$JM14,$KE14,$KW14,$LO14,$MG14,$MY14,$NQ14,$OI14,$PA14,$PS14,$QK14,$RC14,$RU14,$SM14) -> 0 | UN14: =MAX($D14,$V14,$AN14,$BF14,$BX14,$CP14,$DH14,$DZ14,$ER14,$FJ14,$GB14,$GT14,$HL14,$ID14,$IV14,$JN14,$KF14,$KX14,$LP14,$MH14,$MZ14,$NR14,$OJ14,$PB14,$PT14,$QL14,$RD14,$RV14,$SN14) -> 0 | UO14: =MAX($E14,$W14,$AO14,$BG14,$BY14,$CQ14,$DI14,$EA14,$ES14,$FK14,$GC14,$GU14,$HM14,$IE14,$IW14,$JO14,$KG14,$KY14,$LQ14,$MI14,$NA14,$NS14,$OK14,$PC14,$PU14,$QM14,$RE14,$RW14,$SO14) -> 0 | UP14: =MAX($F14,$X14,$AP14,$BH14,$BZ14,$CR14,$DJ14,$EB14,$ET14,$FL14,$GD14,$GV14,$HN14,$IF14,$IX14,$JP14,$KH14,$KZ14,$LR14,$MJ14,$NB14,$NT14,$OL14,$PD14,$PV14,$QN14,$RF14,$RX14,$SP14) -> 0 | UQ14: =MAX($G14,$Y14,$AQ14,$BI14,$CA14,$CS14,$DK14,$EC14,$EU14,$FM14,$GE14,$GW14,$HO14,$IG14,$IY14,$JQ14,$KI14,$LA14,$LS14,$MK14,$NC14,$NU14,$OM14,$PE14,$PW14,$QO14,$RG14,$RY14,$SQ14) -> 0 | UR14: =MAX($H14,$Z14,$AR14,$BJ14,$CB14,$CT14,$DL14,$ED14,$EV14,$FN14,$GF14,$GX14,$HP14,$IH14,$IZ14,$JR14,$KJ14,$LB14,$LT14,$ML14,$ND14,$NV14,$ON14,$PF14,$PX14,$QP14,$RH14,$RZ14,$SR14) -> 0 | US14: =MAX($I14,$AA14,$AS14,$BK14,$CC14,$CU14,$DM14,$EE14,$EW14,$FO14,$GG14,$GY14,$HQ14,$II14,$JA14,$JS14,$KK14,$LC14,$LU14,$MM14,$NE14,$NW14,$OO14,$PG14,$PY14,$QQ14,$RI14,$SA14,$SS14) -> 0 | UT14: =MAX($J14,$AB14,$AT14,$BL14,$CD14,$CV14,$DN14,$EF14,$EX14,$FP14,$GH14,$GZ14,$HR14,$IJ14,$JB14,$JT14,$KL14,$LD14,$LV14,$MN14,$NF14,$NX14,$OP14,$PH14,$PZ14,$QR14,$RJ14,$SB14,$ST14) -> 0 | UU14: =MAX($K14,$AC14,$AU14,$BM14,$CE14,$CW14,$DO14,$EG14,$EY14,$FQ14,$GI14,$HA14,$HS14,$IK14,$JC14,$JU14,$KM14,$LE14,$LW14,$MO14,$NG14,$NY14,$OQ14,$PI14,$QA14,$QS14,$RK14,$SC14,$SU14) -> 0 | UV14: =MAX($L14,$AD14,$AV14,$BN14,$CF14,$CX14,$DP14,$EH14,$EZ14,$FR14,$GJ14,$HB14,$HT14,$IL14,$JD14,$JV14,$KN14,$LF14,$LX14,$MP14,$NH14,$NZ14,$OR14,$PJ14,$QB14,$QT14,$RL14,$SD14,$SV14) -> 0 | UW14: =MAX($M14,$AE14,$AW14,$BO14,$CG14,$CY14,$DQ14,$EI14,$FA14,$FS14,$GK14,$HC14,$HU14,$IM14,$JE14,$JW14,$KO14,$LG14,$LY14,$MQ14,$NI14,$OA14,$OS14,$PK14,$QC14,$QU14,$RM14,$SE14,$SW14) -> 0 | UX14: =MAX($N14,$AF14,$AX14,$BP14,$CH14,$CZ14,$DR14,$EJ14,$FB14,$FT14,$GL14,$HD14,$HV14,$IN14,$JF14,$JX14,$KP14,$LH14,$LZ14,$MR14,$NJ14,$OB14,$OT14,$PL14,$QD14,$QV14,$RN14,$SF14,$SX14) -> 0 | UY14: =MAX($O14,$AG14,$AY14,$BQ14,$CI14,$DA14,$DS14,$EK14,$FC14,$FU14,$GM14,$HE14,$HW14,$IO14,$JG14,$JY14,$KQ14,$LI14,$MA14,$MS14,$NK14,$OC14,$OU14,$PM14,$QE14,$QW14,$RO14,$SG14,$SY14) -> 0 | UZ14: =MAX($Q14,$AI14,$BA14,$BS14,$CK14,$DC14,$DU14,$EM14,$FE14,$FW14,$GO14,$HG14,$HY14,$IQ14,$JI14,$KA14,$KS14,$LK14,$MC14,$MU14,$NM14,$OE14,$OW14,$PO14,$QG14,$QY14,$RQ14,$SI14,$TA14) -> 0 | VA14: =MAX($R14,$AJ14,$BB14,$BT14,$CL14,$DD14,$DV14,$EN14,$FF14,$FX14,$GP14,$HH14,$HZ14,$IR14,$JJ14,$KB14,$KT14,$LL14,$MD14,$MV14,$NN14,$OF14,$OX14,$PP14,$QH14,$QZ14,$RR14,$SJ14,$TB14) -> 0 | VB14: =MAX($S14,$AK14,$BC14,$BU14,$CM14,$DE14,$DW14,$EO14,$FG14,$FY14,$GQ14,$HI14,$IA14,$IS14,$JK14,$KC14,$KU14,$LM14,$ME14,$MW14,$NO14,$OG14,$OY14,$PQ14,$QI14,$RA14,$RS14,$SK14,$TC14) -> 0
